Country/Area,Year,Unit, Final consumption expenditure , Household consumption expenditure (including Non-profit institutions serving households) , General government final consumption expenditure , Gross capital formation , Gross fixed capital formation (including Acquisitions less disposals of valuables) , Changes in inventories ,Exports of goods and services,Imports of goods and services,Gross Domestic Product (GDP)
Afghanistan,2022,US$,17780988298.98,14069591331.46,3371397366.07,3344197348.24,3344197348.24, ... ,2642071147.19,7713037498.54,16048981788.93
Africa,2022,US$,2441719599960.52,2062156743364.49,382009331908.92,655577455461.15,595652330161.42,46962561440.50,622510796450.02,811289611173.06,2875884251402.01
Albania,2022,US$,12552122754.84,11082178261.53,1473667071.43,3753339297.36,3753339046.52, ... ,4929033905.94,7340416340.00,14319829482.23
Algeria,2022,US$,117185096741.43,77020911651.77,40089538332.08,91315678600.46,75871683953.72,15591148961.45,35750098080.73,38149487432.01,179427868610.13
Americas,2022,US$,23775471092795.60,19641979072758.90,4157689799111.92,6246838162292.27,6093736210065.46,130837686861.30,4357908415153.07,5699808190644.49,28714113491430.80
Andorra,2022,US$,2450183280.47,1804629180.31,645554100.20,680834023.99,636319220.08,44514804.52,1295470225.47,1257068853.19,3169418676.97
Angola,2022,US$,78699243556.52,63654102920.81,15045140635.71,25288049171.17,25288238082.82,958785588.60,28815056927.69,25174790950.03,108990092153.99
Anguilla,2022,US$,338901332.93,282418933.62,56482399.32,95277524.30,95277524.30, ... ,264548797.66,359732137.02,338995314.68
Antigua and Barbuda,2022,US$,1208892901.36,1007870444.62,210942765.90,600523055.68,600523055.68, ... ,549476067.76,777187517.45,1554182042.38
Argentina,2022,US$,544995820100.84,428435622084.32,116150071049.35,115805342637.38,109739827173.16,-4799010974.21,78088965049.63,84836983174.64,648767263626.70
Armenia,2022,US$,11828028643.88,10252191270.39,1580726336.11,3312410466.49,3085333761.71,4665564637.75,6711629629.61,7721975962.59,14238626094.56
Aruba,2022,US$,2206475651.18,1530685119.42,663812523.25,648840006.33,605950928.76, ... ,3048953087.36,2607970695.03,3458627345.10
Asia,2022,US$,22408937518071.30,16809801751049.40,5633872579503.37,12148550677254.70,11701066487147.10,-202530680394.18,10535368576488.50,9452158986257.68,35357379638662.60
Australia,2022,US$,1163853346890.08,811028943302.63,352471628010.08,366689163624.47,361646567776.43,5569548240.03,260561046009.59,321133030663.38,1465797428418.88
Australia and New Zealand,2022,US$,1341499523089.52,943196807766.86,397650244357.76,421572306208.11,415651720579.27,5133445473.16,308097709279.03,379861637245.76,1686770197610.68
Austria,2022,US$,298336024421.42,213269371437.25,85102697654.47,108778500711.03,106047631154.57,2399883977.08,260123716369.51,245937410300.17,422065288750.94
Azerbaijan,2022,US$,41392004645.15,33805476710.12,7560580377.82,10729101382.82,10695197643.00,33925925.85,22680970748.34,17903546281.84,56596740227.46
Bahamas,2022,US$,9882027596.42,7893280870.16,2014904037.27,2364114501.91,2212073983.25,154779653.21,4197767595.66,3834558306.11,12456174966.77
Bahrain,2022,US$,21074912405.76,15009641888.45,6078959358.06,10545967199.34,9381886000.79,1788254866.29,28401403001.25,24071888218.58,35898451123.45
Bangladesh,2022,US$,265302571078.19,245075176048.94,20119699019.16,121763032989.91,121763032989.91, ... ,46692405950.12,76825008403.86,364956537690.02
Barbados,2022,US$,4134582179.75,3573100264.17,561481915.57,797492012.88,789705606.09,7786407.30,1641128733.67,2019138308.62,4671803289.54
Belarus,2022,US$,43309403712.31,35367035009.02,8126631258.44,13177807434.73,11781278547.43,1145554204.12,31824409320.02,32302582750.14,57270177382.39
Belgium,2022,US$,381073459719.80,256386294413.58,124687165306.22,124158916799.56,120606363814.18, ... ,466772269677.10,455813137210.86,516126406765.69
Belize,2022,US$,2006567927.90,1606650776.64,399830200.70,476376983.21,497772797.11,23097498.50,1299154654.50,1324094547.75,2509307581.18
Benin,2022,US$,12854018085.23,10976924453.84,1877093631.39,5160401832.67,5111556158.31,48845674.36,3917625903.30,5178824595.67,16753221225.53
Bermuda,2022,US$,4044157178.47,3222081653.75,821927863.88,833185984.86,833185984.86, ... ,3513970535.47,1703586570.73,6754932033.19
Bhutan,2022,US$,1798800874.38,1245443995.41,562070490.28,1493873500.88,1492333806.13,1435080.11,656246631.82,1346604620.81,2588733771.06
Bolivia (Plurinational State of),2022,US$,33563578179.62,26526858205.91,7137353983.19,6915196098.58,7112181759.43,-80704586.86,10167133582.98,12094385788.33,38319728286.41
Bosnia and Herzegovina,2022,US$,18392281220.58,14440945514.09,3951972509.74,5689390398.25,4500553609.17,1286768710.87,9024838647.71,11754980812.64,20253847565.33
Botswana,2022,US$,13128668088.09,7717450181.44,5411105735.73,4270189792.59,4056068091.39,210676549.08,6426308416.94,6827670240.94,17510051388.23
Brazil,2022,US$,1585250349418.11,1252530822285.74,359959063742.08,312904592817.96,347922006565.66,4662928629.26,272311059032.78,270476340940.96,1901460843938.78
Br. Virgin Isds,2022,US$,663351006.98,534674758.98,128676246.91,336612808.49,367163630.88,-27114887.54,1719649974.66,1183279824.65,1536531350.18
Brunei Darussalam,2022,US$,7347477134.16,4038698122.81,3338880162.04,4115384713.78,4088148835.07,27244464.66,9520110706.73,8908824641.73,13000439529.30
Bulgaria,2022,US$,51315064611.20,40644071639.08,10728576286.56,14632736340.97,11047163124.88,3445559408.25,43769723418.73,48895998639.76,61691793244.16
Burkina Faso,2022,US$,14499035283.53,11159150253.91,3322216057.27,1875772754.28,1732256437.78,118384400.23,3642835319.62,4834039306.47,16534846693.14
Burundi,2022,US$,3944142194.93,3112102629.88,755628455.23,414245283.45,360854727.58,341956849.03,284135188.62,1119667443.43,3490124043.52
Cabo Verde,2022,US$,1866304875.54,1482025689.28,395167491.18,696642909.01,682483081.02, ... ,906392292.18,1361615835.94,2159882067.57
Cambodia,2022,US$,17376078276.70,16405290034.70,3051193734.87,6914814334.93,6705867094.87,232249123.01,20297134404.91,20200740187.33,24971817549.04
Cameroon,2022,US$,34521138944.92,28988639703.17,4789463460.03,7989037757.47,7960599352.28,517203528.65,7083482287.76,8658492596.13,40321363701.24
Canada,2022,US$,1411761209774.07,1024631445978.24,386772677024.36,424816405455.38,390274492769.83,-6294813196.03,516270187901.11,609193024600.39,1748638464646.79
Caribbean,2022,US$,316192013007.31,255565849545.02,64254393976.28,63432202945.30,59009073825.28,2482985356.23,164008731640.12,165350861458.47,367262126459.49
Cayman Islands,2022,US$,3705980168.72,3038897577.19,667082591.53,1171116210.86,1164823451.23,6292838.33,2942299496.00,2434483424.33,5471266767.07
Central African Republic,2022,US$,2104524557.48,1812075517.23,298727388.41,408476508.93,449286369.06,11578653.12,338250848.56,882867224.39,2031155944.83
Central America,2022,US$,1301647169989.21,1112823006673.25,188776643665.41,328988554918.71,323179180471.26,6546956568.12,614706325369.98,662923140329.80,1573130930917.08
Central Asia,2022,US$,276271258803.85,231198691210.05,45828897571.04,133169770637.50,126314100677.41,9003563822.10,113292438479.48,119072961869.59,410564006394.79
Chad,2022,US$,10448675613.59,9438204156.29,1015136860.18,2175900322.23,2158214907.19,10537436.56,4873780045.38,2927477689.75,15038726475.90
Chile,2022,US$,240012480425.29,197814327045.95,42207469137.41,69748257951.22,68817300175.80,522911877.16,71206289789.61,95483826110.31,281777777156.16
China (mainland),2022,US$,8822351418606.79,6182778087696.65,2639573330910.14,6820293843034.08,6613451345062.31,205477339903.65,3154216985766.92,2398847471828.40,16325035564229.30
"China, Hong Kong SAR",2022,US$,258791262639.15,215368397785.62,42942728152.10,51723026562.53,54835655808.94,-2989405895.15,599727987453.60,591057433882.36,318598258232.25
"China, Macao Special Administrative Region",2022,US$,17135119177.64,11305279279.10,5707615835.10,4975243621.23,4798737599.90,181111651.75,20524348060.93,20714059623.92,22581085736.47
Colombia,2022,US$,323914117655.98,267122234592.85,56674363073.29,73098283872.48,69582346353.06,3515937519.42,50202718662.34,91548054904.74,354936855357.64
Comoros,2022,US$,1322076583.42,1176003150.39,149009254.45,138736387.25,134606733.63, ... ,161486833.16,376226465.70,1239912861.25
Congo,2022,US$,6519022178.05,5216784212.19,1238066805.47,3391217617.66,3359202139.54,50579823.96,6125739216.82,5209654395.98,10244291189.26
Cook Islands,2022,US$,295726884.20,151453137.82,12470904.12,49308953.78,49308953.78, ... ,154981376.49,193731766.42,306285448.46
Costa Rica,2022,US$,53909198504.62,42795355670.13,11110560787.83,11730148344.19,11465914820.94,167776329.04,25171042321.99,21018252278.65,69286276847.58
Croatia,2022,US$,50800445190.61,37419472912.67,13424174935.38,14418293787.29,11869823922.75,1899518699.43,37639521543.50,39331358245.83,63412566372.55
Cuba,2022,US$,78064875774.82,47317987976.85,31625004500.61,8073318948.53,7961866247.00,76277970.34,7876869609.60,8443834463.82,83597276722.04
Cura??ao,2022,US$,2255407990.81,1833707439.22,421700550.30,728288960.12,752551672.05,29067890.62,2067453673.20,2443141178.35,2608023260.80
Cyprus,2022,US$,21951625331.93,17205741075.53,4721342608.53,5705476033.18,5505365068.04,153704829.51,27305552412.47,27091362281.56,27893343345.35
Czechia,2022,US$,139801331368.46,97591341023.43,41996442908.68,69071070684.49,57990104807.82,10403338797.28,187934061690.13,182072300421.77,215976380913.66
Côte d'Ivoire,2022,US$,48624820295.86,40897224630.56,7685139702.61,11946793736.98,15366490943.76,5071122304.51,20661892219.91,17018123437.00,68385681247.08
Democratic People's Republic of Korea,2022,US$,15747151234.59, ... , ... , ... , ... , ... ,878673876.11,1666801911.48,14959023199.22
Democratic Republic of the Congo,2022,US$,36777589999.06,31729289722.29,4707243977.96,30378241903.52,30028097725.15, ... ,17866315509.42,33357607110.25,52172352271.36
Denmark,2022,US$,239405554028.16,161024069782.03,78497666559.34,88451824342.97,80019168331.43,6953028388.77,221553298290.23,193875262884.11,356222057682.83
Djibouti,2022,US$,4113320567.81,3073976636.67,1040002590.05,19287528039.05,851414085.20,10820881739.16,6901903013.10,17650510659.08,3355697398.86
Dominica,2022,US$,592866019.27,457891227.31,134975588.92,138765886.00,138765886.43, ... ,144044795.57,329625063.13,535335895.26
Dominican Republic,2022,US$,76184188009.14,67111251378.46,8974190884.21,29400351021.42,25364367331.23,2095521212.57,22137679950.15,29834463838.61,98037480684.80
Eastern Africa,2022,US$,384916039586.92,323734263459.07,60850754451.50,144306554089.65,123356685756.85,12356069894.73,88809656789.09,163667181443.58,455154425922.48
Eastern Asia,2022,US$,13991006333610.20,9963553317277.20,4068133631443.01,8690386686783.43,8460860959657.84,234903295513.23,5936294467012.63,4976743682029.75,23619905053936.90
Eastern Europe,2022,US$,2263634174703.50,1713728147779.01,548208227326.96,719031966070.71,653037047988.26,72091579109.40,1404315796295.55,1359389909610.55,3009949771033.08
Ecuador,2022,US$,81462978723.87,66896520506.52,14598358158.80,22866199338.82,21629360126.15,-1289504348.08,21899677524.38,25798938136.35,100635339955.86
Egypt,2022,US$,419584648714.95,377057589342.95,42527022572.70,70003334203.50,59146734153.17, ... ,72427456628.06,100745950469.91,461268595815.67
El Salvador,2022,US$,27835907554.21,23531902006.65,4495302255.58,4101562473.22,5327728540.41, ... ,8481567962.57,13224181275.27,27096718970.52
Equatorial Guinea,2022,US$,7846903900.30,5429479398.08,2441799679.29,1444473367.68,1423249192.59,21440746.94,4888964757.65,3939296099.42,9836018452.46
Eritrea,2022,US$,1568938637.62,1267115043.28,301819382.35,135234599.60,135234599.60, ... ,1614284675.72,549856183.67,2398162847.30
Estonia,2022,US$,20027789628.05,14846039987.93,5198974556.26,9793851528.88,8155678373.09,1595458793.14,25350883174.71,26335073470.32,28507450259.48
Ethiopia,2022,US$,80583331656.98,74929116093.85,6153501531.80,28389825339.77,27023107563.39,453854253.80,7753307126.51,16958785874.21,101534718185.61
Europe,2022,US$,15888140452068.40,11578546747795.40,4374443968252.43,4748884921162.52,4586529629451.47,109203653586.37,10360783919112.90,9639819317782.54,21442845958279.10
Fiji,2022,US$,5064198020.17,4054799200.06,1009398818.95,909306508.74,873829350.34,76108686.16,2371017123.07,3412380512.85,4932141138.24
Finland,2022,US$,200360677024.88,136713552733.52,63647124291.36,64504432911.23,59980334662.26,4340119388.93,102826017312.84,108651945100.92,260638456442.80
France,2022,US$,2041597940327.84,1404725648575.63,636561739392.36,660158213309.70,636449495969.02, ... ,831863355320.09,897440163880.97,2637346136135.71
French Polynesia,2022,US$,5759274937.87,3965814897.25,1791567710.91,1460977784.71,1461016905.41, ... ,896620105.34,2381733169.44,5897361726.03
Gabon,2022,US$,7296603503.94,5424538831.71,1889604834.45,7516102636.36,7719806235.22, ... ,8538899891.37,6893981034.45,15819437643.51
Gambia,2022,US$,1791633045.49,1615941444.19,175837362.18,702555539.62,702555539.62, ... ,162849290.64,778852383.00,1863264133.45
Georgia,2022,US$,18912097882.99,16057641741.60,2832657406.10,3556202473.14,3809155015.73,-252954116.06,9610869310.57,11930806145.21,20138737944.58
Germany,2022,US$,2681108348992.12,1891064407429.87,788720170545.96,786728386427.57,740961272975.78, ... ,1819489917799.64,1661038789293.20,3632118283434.66
Ghana,2022,US$,56604622025.83,51823782924.66,4840886726.17,17211923249.87,16934557510.47,283494207.61,22375406921.28,27070748196.11,68868093362.89
Greece,2022,US$,190518329332.97,148282226083.16,42281401973.32,34024303317.69,29751526016.41,4266297613.86,80474678439.31,92696116331.90,211453365530.74
Greenland,2022,US$,2322444567.38,1088220980.78,1234786352.13,1085618123.76,1104879465.25,-2186761.41,934864640.15,1499979341.26,2787816253.44
Grenada,2022,US$,833407020.49,702076887.45,131332840.12,333203759.82,333203759.82, ... ,508948423.93,620926040.68,1062933420.49
Guatemala,2022,US$,76505579350.25,67969832654.95,8528032402.41,12352576265.46,12423892528.44,-60418370.68,13952266778.82,24850629148.91,78182161635.07
Guinea,2022,US$,12342168605.72,10064741126.98,2291603777.21,4338413530.34,2199749948.82,446148553.38,6699028709.01,9024764916.19,13905832111.47
Guinea-Bissau,2022,US$,1438501745.55,1235010287.51,206692582.72,75105053.14,79508622.52,-6832055.75,313577581.07,446589070.30,1438506384.47
Guyana,2022,US$,9155519924.23,7193316489.78,1962203434.45,1082308749.47,1082308749.47, ... ,11317241375.38,7287069410.77,14268000638.32
Haiti,2022,US$,16817838351.51,15049860395.90,1753948726.38,1210945635.56,1210945635.56, ... ,1218085816.80,5291773910.80,13828677969.19
Honduras,2022,US$,25941733593.25,22263292808.27,3670641771.35,5700169332.75,5247987430.31,419635586.65,10587840542.27,15926001063.53,25953927711.33
Hungary,2022,US$,110565344168.69,82034228025.74,28777754110.24,42687356465.86,38523325154.94,3959464315.45,153366493336.79,149323326143.57,157531157312.52
Iceland,2022,US$,17092440669.04,12019810410.93,5100780230.50,4765670945.96,4782954991.77,-17284045.81,9694188794.04,10195504254.04,21556161804.59
India,2022,US$,2169400589344.59,1857748083018.50,311715285478.42,1018654827845.89,998137813905.91,21768802017.92,673739770139.02,773206995399.57,3022292215604.51
Indonesia,2022,US$,723350300376.47,628283241201.44,94177947755.82,364315227313.21,357675312391.02,6751004888.40,259752870540.48,231940863642.52,1122285145768.30
"Iran, Islamic Republic of",2022,US$,316100230308.21,245343954664.11,70778503469.52,198933193608.64,89606564957.24,-600512000011.30,78448424890.94,45602942217.55,498444364866.38
Iraq,2022,US$,101483925853.47,71097554604.33,30386371249.14,53205571406.10,22394497363.08,30811074043.02,95088936719.56,51360118158.23,192925800021.00
Ireland,2022,US$,171307100027.47,116347728613.15,54890613423.83,111926528128.67,101133522727.58, ... ,733508160308.82,503562506080.24,498759590648.16
Israel,2022,US$,293345990111.70,210521601588.58,82972438716.06,115659076750.72,99325062866.45,37772997298.57,134460116466.18,136696971913.73,408208262959.75
Italy,2022,US$,1507710961498.59,1148971112219.87,359186914097.18,423882328307.69,427349057007.76,-3466728700.07,658476015054.80,631575822152.77,1960827402837.25
Jamaica,2022,US$,13796382121.77,11034853994.68,2708817481.46,2510294746.21,2490228704.10,19933604.75,5214695111.11,7015562501.56,14674810246.53
Japan,2022,US$,3349223557632.37,2428654353973.88,978742233088.58,1119366816632.96,1101333991881.67,17611551848.86,891349237521.70,905313578103.14,4509358377061.92
Jordan,2022,US$,44440942655.21,36435234100.09,8006559571.25,7940744006.07,6770291391.60,1173812580.55,16646722950.49,26009432340.49,43119748441.88
Kazakhstan,2022,US$,147614104066.34,121810645553.98,25523184515.19,64413774487.64,57893544400.38,6985309941.77,60294910615.25,56274088819.58,227399477940.88
Kenya,2022,US$,82040924564.73,68851014261.42,13229106206.74,19280551225.36,18783165392.99,-310203584.51,11007936237.96,21959374396.76,94828625234.53
Kingdom of Eswatini,2022,US$,3871578364.29,2907275351.31,964625488.50,567448778.81,567448778.81, ... ,2225560951.03,2284005124.18,4600449094.39
Kiribati,2022,US$,314237018.85,180901096.74,133377887.64,42626158.89,42596524.61,24089.84,18080954.78,174694384.88,187463900.33
Kosovo,2022,US$,8319267484.53,7257037444.55,1059004445.38,2334526379.46,2319768147.56,97417815.08,3271614652.84,5561063079.53,8321652604.56
Kuwait,2022,US$,90110080294.59,56223809996.64,33764328495.46,34892062871.50,34897339829.58, ... ,49867346566.99,52429858161.27,114892974399.17
Kyrgyzstan,2022,US$,8958062855.22,7738530393.77,1261978860.23,4993649207.30,2801850312.72,1907366993.76,2128489832.03,9974283063.25,8243822708.28
Lao People's Democratic Republic,2022,US$,11034442645.74,8354476150.46,2657017534.90,8264043248.71,8264043248.71, ... ,7602366496.41,6110050616.50,20584824410.87
Latin America and the Caribbean,2022,US$,4819777732208.52,3929870890623.97,914885392894.78,1071725396618.54,1089639612536.80,2802276639.10,1410946231461.39,1552032748890.94,5719656506672.43
Latvia,2022,US$,25547189987.84,19483531742.45,6076327340.03,9198178416.49,7293717655.02,1892455822.40,23186294252.48,26100687733.60,32089476432.79
Lebanon,2022,US$,43439867140.60,34746921549.99,7984420922.25,3522717119.38,3505674783.80,29102063.98,8130039955.57,21006622131.93,31159577234.68
Lesotho,2022,US$,2574270130.53,1826971926.72,729179165.40,766517964.11,738624404.51,-672440355.22,890963989.45,2043838756.26,2192029635.62
Liberia,2022,US$,2709467867.88,2049562809.08,659905057.11,844961918.98,844961918.98, ... ,837351741.40,1409065024.15,2877686352.89
Libya,2022,US$,34236768075.84,16838137962.60,17398630113.25,6445140618.81,7165322853.29,-720198086.40,17826688438.22,13585983016.10,44922548008.67
Liechtenstein,2022,US$,4195438491.49,3431467443.21,763971048.28,1637563341.20,1769984613.62,-132421272.41,4777894500.03,3711706621.96,6884850767.77
Lithuania,2022,US$,38663184922.34,31695289700.20,7121606142.87,9912473984.32,12230623224.85,-2180547747.96,52491251142.06,48437647556.34,52463546653.93
Luxembourg,2022,US$,35475458416.98,22791718237.45,12642307662.81,12011883051.97,12121210361.07,72444813.44,146509726648.24,122320251549.70,71626335174.93
Madagascar,2022,US$,11557295992.95,10038097601.54,1413686957.03,1940810154.47,2399978477.89,-209507828.20,6583331764.11,6308161999.36,13439518394.25
Malawi,2022,US$,9487211962.65,8545874329.16,941337633.48,4346715921.00,2459568679.91,1887147241.09,1413664558.05,2745002893.72,11487104909.79
Malaysia,2022,US$,283164748564.80,232383289944.12,50781714669.83,81793618867.24,76180253479.06,5613365388.18,276876437632.53,255890393725.19,385944411339.38
Maldives,2022,US$,3769329670.24,2627255067.51,651200519.55,1535927128.56,1535927128.56, ... ,5916538564.62,4768066021.92,5780294558.72
Mali,2022,US$,17253083126.48,14081777614.95,3170080000.82,3692478896.34,3563398451.27,146642442.80,5780927579.18,7374743095.74,19313579254.90
Malta,2022,US$,10087073258.21,7142279147.63,2922612775.02,4278557818.55,4145120636.13,707972778.13,27145740286.82,25379107815.16,16128492721.38
Marshall Islands,2022,US$,289726937.00,163462685.00,126292765.00,52272959.00,55092316.00,333124.00,102673033.00,173281193.00,224606400.00
Mauritania,2022,US$,6630052803.65,4884276546.29,1753023513.25,5703226322.40,4430379657.98,1250301091.39,2020216487.14,7201465897.21,7955450863.31
Mauritius,2022,US$,10869600744.24,8886195595.86,1977205615.79,2423027606.93,2340093175.71, ... ,6762024702.77,6003121476.76,13311198474.18
Melanesia,2022,US$,36734629746.59,33114450501.50,3963373678.70,6822002469.47,6370373923.39,213183479.32,19919447360.92,19027703669.11,40803522188.36
Mexico,2022,US$,1056809807941.51,907196055669.17,149435622681.51,267948593592.65,264314031428.78,3291962283.32,514772844009.85,545791185352.21,1285063425362.14
Micronesia,2022,US$,1372659307.20,821228283.83,556879835.60,288228096.80,285817345.16,5557686.99,249373459.93,822306672.00,1050614008.23
Micronesia (Federated States of),2022,US$,339760621.61,200492406.02,139268214.28,90154302.95,84771956.95,5382344.83,94244646.39,224244874.58,314218067.98
Middle Africa,2022,US$,184554536309.04,151948342551.61,31506730548.29,78742037372.41,78537232091.21,1570125777.84,78605210003.95,87217594448.62,254834216036.72
Monaco,2022,US$,6452130613.14,4450745013.52,2001385599.64,2206987655.54,2100475227.91,106512428.67,2891436053.07,3214624720.25,8335935918.21
Mongolia,2022,US$,12275581646.00,9373371751.44,2902209432.33,6690569300.03,4634110828.07,2056456790.17,7813442274.80,12368186111.58,14441963152.94
Montenegro,2022,US$,4960914058.04,4122855100.70,853264344.44,1535593615.08,1169046431.89,-428777649.52,2432142964.46,3797616605.47,4867384310.51
Montserrat,2022,US$,113216567.35,62958665.97,50257901.80,20822446.02,20822446.02, ... ,19826647.67,57256099.05,80971745.26
Morocco,2022,US$,103539350231.26,77810960322.42,25728585069.39,37255193550.11,34030735991.31,3295141820.39,53588328412.36,57315708182.39,136386501072.70
Mozambique,2022,US$,18573754186.73,13762905563.48,4706094074.29,9339234575.13,9339234575.13, ... ,6963293879.09,15376208008.35,19464182761.73
Myanmar,2022,US$,56747149536.55,40269181262.85,21502408178.61,22708458665.23,21637686339.87,1070772325.36,27701729614.53,21495522801.78,78243496113.90
Namibia,2022,US$,12918728900.92,9747569146.53,3171159754.40,1943731371.74,1622208094.61,321523277.13,4372105244.48,8047196677.23,11187391526.68
Nauru,2022,US$,178549078.74,96283148.07,82265932.68,22030173.96,22064787.60,-34613.68,10936905.76,109663663.54,113944938.06
Nepal,2022,US$,31278284058.73,28481705630.57,2795136730.35,14269017347.69,11035784156.06,3270521000.20,2194671363.11,15558116961.31,32142056494.60
Netherlands,2022,US$,603626448750.96,381958134562.43,221553139821.70,185150466087.66,183727770331.54, ... ,786584560429.58,679529531747.46,894368057443.91
New Caledonia,2022,US$,9051096019.60,6689449561.71,2362927256.63,2884645543.77,2594954220.18, ... ,2175312565.91,3451882387.65,8674478060.70
New Zealand,2022,US$,177646176199.44,132167864464.23,45178616347.68,54883142583.64,54005152802.84,-436102766.87,47536663269.44,58728606582.39,220972769191.79
Nicaragua,2022,US$,12569151808.33,10514245853.56,2053548689.35,3262361977.68,3123914434.22,27785488.78,7172098034.17,8283296590.62,14728776396.81
Niger,2022,US$,12366196513.51,10122341106.47,2243855407.05,4075122769.22,4054967356.18,20155413.04,1521563045.07,3624811517.68,14338070809.98
Nigeria,2022,US$,497042712765.58,464442718903.29,31801716094.08,76174417168.00,72783980523.39,3379864834.35,55416858037.18,81736059269.34,537025369262.98
Northern Africa,2022,US$,807055911950.59,668778376441.84,142946341391.38,224172726771.80,194662491187.47,17791092206.99,208919349306.38,249980836366.99,959918366933.28
Northern America,2022,US$,18955693360587.10,15712108182134.90,3242804406217.14,5175112765673.72,5004096597528.65,128035410222.20,2946962183691.67,4147775441753.55,22994456984758.30
Northern Europe,2022,US$,3992275167371.63,2942714000374.01,1117070514387.84,1134231087628.67,1120683648396.75,29663325597.30,2577996478878.02,2316444881290.81,5481446033784.74
Norway,2022,US$,285530805001.55,186212793221.04,99429120595.23,119436519582.52,108999398716.94,10452142072.24,168020708897.39,137329378939.75,434585264028.11
Oceania,2022,US$,1387171188566.19,982415897879.52,404317152679.73,430591175930.88,424180755802.94,5330934187.01,329535083017.11,403070514366.22,1736101483627.77
Oman,2022,US$,47544145200.96,32180695201.98,15800138462.66,30336707758.53,31552844763.97,-120696.56,45741798609.10,37824207441.77,86294519869.94
Pakistan,2022,US$,406280410139.98,367676707472.39,38768137695.16,55496926587.75,49041887272.07,6444891149.35,44821052528.44,109375033330.27,402312466057.26
Palau,2022,US$,250385651.00,180088948.00,75675036.00,81144502.00,81291760.00,-147258.00,23437920.00,140422556.00,210380701.86
Panama,2022,US$,46069223309.14,36945671233.89,9083104876.67,23416765949.55,20777938491.05,2677117752.51,33269511065.82,32505500072.85,70310336412.45
Papua New Guinea,2022,US$,20722781127.95,21008585387.85,58341884.33,2188876358.30,2077940628.13,131352782.31,14810818399.02,11109478673.39,24976660485.84
Paraguay,2022,US$,32747011665.54,27866775778.94,4881273028.48,11548751865.76,9267202229.23,2385289660.66,13089132034.97,15279826269.45,41995687741.55
Peru,2022,US$,180600794719.16,148594890189.40,32113056545.53,47061509496.88,51455368975.10,-1451378846.87,53777386287.52,57763194687.78,223193706496.55
Philippines,2022,US$,353150067642.44,293252232605.59,59864280871.70,90610835412.31,93590696171.99,-8453647782.30,123215721877.97,158372593867.32,407690006244.19
Poland,2022,US$,471118450722.91,361291683247.12,109658044833.53,143529911128.80,113685223510.15,29393657361.55,358922668788.96,344063138347.26,630290224167.66
Polynesia,2022,US$,7564376422.89,5283411327.33,2146654807.67,1908639156.49,1872843955.13,-21252452.46,1268552917.23,3358866779.34,7477149820.50
Portugal,2022,US$,188270076849.23,149008156870.57,39267599509.63,44353473653.95,43241219470.90, ... ,106565874779.41,109258775425.11,230231869067.35
Puerto Rico,2022,US$,84697492659.69,75641093398.06,9376444047.12,13060450838.20,12958998991.48,120440666.67,94420840649.80,86643407127.59,95855079058.75
Qatar,2022,US$,69105651932.00,32771281000.61,36052412458.57,80431811998.41,80431811998.41, ... ,85974169398.99,62239819947.34,171751919189.61
Republic of Korea,2022,US$,1122552429701.43,811358630429.45,310079807630.68,511345502284.16,506482961037.70,11664953819.43,778174126945.19,668240099190.43,1740552929189.79
Republic of Moldova,2022,US$,9420135554.95,8076554004.82,1192001871.07,2681271893.28,2677479252.59, ... ,4236402963.72,7394678495.36,9004000404.40
Republic of North Macedonia,2022,US$,10295141530.03,8544667123.35,1764184276.14,3716741973.12,3315777733.99, ... ,8080667354.23,10857366939.33,11385896527.38
Romania,2022,US$,191585337438.63,161118423899.48,30466838645.25,61632936673.05,56649960244.08,4922675164.64,114279354248.15,137540650744.78,232157360406.09
Russian Federation,2022,US$,1082251046494.88,800668042052.03,281210503554.94,333739142979.43,327153337543.51,14512122969.93,384246532145.63,300654868563.69,1471545625471.59
Rwanda,2022,US$,11871247951.86,9659688698.45,2189331902.90,2691595172.40,2981971478.79, ... ,2935931602.13,4601580497.11,12933613304.69
Saint Kitts and Nevis,2022,US$,839057895.91,654945440.38,184112455.09,298547084.48,298547084.48, ... ,354189271.47,528455656.81,963338595.04
Saint Lucia,2022,US$,1473214770.35,1255199501.72,218015269.00,401762762.28,401762762.28, ... ,999635661.13,975117478.96,1899495715.70
Saint Vincent and the Grenadines,2022,US$,791001253.23,620800259.06,160565989.49,323434028.13,323454416.57, ... ,249961565.59,476008514.93,884023023.72
Samoa,2022,US$,793315746.60,641443573.80,153088467.97,307340660.40,260598847.86,-11275335.94,181058776.21,484465268.99,798400813.93
San Marino,2022,US$,839182707.15,542184752.06,295076129.83,327028972.57,299775769.95,178374751.55,3629068682.29,3234897825.70,1601329076.01
Sao Tome and Principe,2022,US$,340834055.17,255228089.84,81546906.79,150538087.40,150538087.37, ... ,74720519.30,173427348.22,380778204.17
Saudi Arabia,2022,US$,535264171948.44,337552580830.26,197050590621.09,209155347877.50,225839495982.07,-20540754642.20,248988089035.04,222291717034.00,767097338005.65
Senegal,2022,US$,20660765103.12,16943078713.21,3707102613.11,10237311235.98,9034810875.59,1158162466.67,6959522525.06,12363239197.91,25302260864.32
Serbia,2022,US$,42417988729.29,34813928203.06,7604060526.22,11742149976.18,11742149976.18, ... ,33849543366.68,40328351848.28,49711066842.25
Seychelles,2022,US$,1888823380.71,1323827981.36,564799304.77,319585223.67,319585223.67, ... ,1995953124.97,2084956981.05,1869028598.78
Sierra Leone,2022,US$,8108331112.59,7370954463.72,737945320.96,451347967.81,439581238.60,-2215451.05,772508515.75,3438042264.10,5405520318.69
Singapore,2022,US$,173679698097.20,132499772698.34,40977578964.60,92616151146.51,88006109868.53,4610041277.98,706930700270.94,587707526412.45,379708690196.93
Sint Maarten (Dutch part),2022,US$,1285378367.60,1012139725.65,273221458.75,469606736.16,469606736.16, ... ,930180303.52,1017711247.76,1204334921.08
Slovakia,2022,US$,76999463160.24,59486282820.69,17682427257.17,23805956479.30,20807911555.57,2901062667.17,100089159914.44,98387732805.89,102499164242.51
Slovenia,2022,US$,38461084651.30,28894179706.70,9602599697.00,11993630264.31,10697002874.37,1701085774.95,48786646838.18,45835554527.84,53516808295.26
Solomon Islands,2022,US$,1124152625.65,753865980.37,369079018.56,386517958.20,376621708.31,-426416.84,400756693.71,474715337.61,1371062278.87
Somalia,2022,US$,12919381467.33,12228846848.19,687719646.13,2151827557.44,2151827557.44, ... ,1490091221.38,7389440722.52,9318808689.51
South Africa,2022,US$,310890450321.34,240348135976.28,70542314345.14,55862950148.87,52391509205.75,3471440208.39,98511597770.27,105650822156.50,360473886103.08
South America,2022,US$,3201938549212.00,2561482034405.69,661854355253.09,679304638754.53,707451358240.26,-6227665285.25,632231174451.29,723758747102.67,3779263449295.85
South Sudan,2022,US$,19017611224.04,11592497753.08,6248665892.20,1750674854.38,1750685164.19, ... ,2055723584.50,18621068633.62,6150387591.27
South-Eastern Asia,2022,US$,2200263063057.10,1813203087361.96,388293817483.34,907740586531.26,883332747206.02,42039210832.54,2049454573923.89,1871587665069.83,3243634962364.43
Southern Africa,2022,US$,343383695805.17,262547402582.26,80818384489.17,63410838056.12,59375858575.08,3331199679.38,112426536372.18,124853532955.10,395963807747.99
Southern Asia,2022,US$,3274984804085.71,2815553015873.91,458749932435.90,1440609821228.09,1297020525707.39,-564970510036.47,872633579972.81,1051851022235.38,4433025256990.41
Southern Europe,2022,US$,3098806072640.00,2350125218671.58,749435645684.43,826813409642.68,807747922185.33,17391479516.96,1510999459338.94,1468908381021.37,3972259925329.18
Spain,2022,US$,1012731020094.14,747799366151.31,265103559293.52,264083217857.19,252957442321.66,11105034918.17,485398602597.29,440699884218.63,1323058995419.39
Sri Lanka,2022,US$,63273600312.40,53285098645.01,9988501667.39,25118824870.52,21062984143.28,4055840727.24,17522398757.55,17455217781.53,88459606158.94
State of Palestine,2022,US$,19083100000.00,15908700000.00,3174400000.00,4197600000.00,3933900000.00,263700000.00,2911400000.00,10377600000.00,15612500000.00
Sub-Saharan Africa,2022,US$,1634663688009.93,1393378366922.66,239062990517.53,431404728689.34,400989838973.95,29171469233.51,413591447143.63,561308774806.06,1915965884468.73
Sudan,2022,US$,84192467969.53,81318072492.25,7596048027.17,11530072308.20,10624971393.05, ... ,7813706672.98,14719832752.66,87366859635.55
Suriname,2022,US$,2752698752.20,2253933672.88,498765079.32,1610450721.37,1610450721.37, ... ,2362130380.98,2311262196.00,4414017658.54
Sweden,2022,US$,400606610932.89,262640522064.78,138351039819.07,161932160545.61,154083695189.02,7714304403.75,292680330166.28,268252838993.50,587121570857.54
Switzerland,2022,US$,481559787619.56,393901593857.90,87697003821.77,187977540436.22,201276806433.44,-12389150584.06,548459307803.21,426070530535.22,790318933740.33
Syrian Arab Republic,2022,US$,15462288383.84,6709684797.25,3983529880.56,6585210116.09,6585210116.09, ... ,6813123379.21,21618148432.99,19285167467.72
Tajikistan,2022,US$,9772224628.92,8574999406.43,1197630235.42,4669267837.92,4841986348.79,110886886.57,2377893311.45,4560513410.81,13506343005.84
Thailand,2022,US$,333946077316.34,252127425630.09,77098847399.40,112422766944.29,109810121941.91,25639953673.16,280314481751.96,261680325137.53,450126287211.78
Timor-Leste,2022,US$,2120189942.55,1153818699.00,966371249.05,333482377.33,309028785.38,24453593.00,794219058.00,1086434830.00,2161456494.95
Togo,2022,US$,7017703053.25,5998847361.79,1018855691.46,1758824286.53,1758824286.53, ... ,1761487810.63,2709481951.94,7886169808.89
Tonga,2022,US$,650198854.67,498365062.52,150002380.80,79360106.53,90267597.01,-9977116.52,30108877.69,258294771.10,429814465.81
Trinidad and Tobago,2022,US$,15768660989.50,14599585649.90,3750152758.47,305868182.58,305868182.58, ... ,12825381196.06,7968737529.11,21672732634.25
Tunisia,2022,US$,48317580217.57,38732704669.85,9606517276.79,7623307490.73,7823042842.94,-375000488.45,21513071074.03,25463874513.93,50545993790.57
Turkmenistan,2022,US$,7510702483.22,4120667490.55,3390034993.78,18635016043.61,18635016043.61, ... ,27915181524.84,16586620192.76,37595619555.99
Turks and Caicos Islands,2022,US$,538814378.53,350569636.23,188271044.80,142565789.33,142565789.33, ... ,677115211.75,488490594.08,870031490.88
Tuvalu,2022,US$,65859999.55,26334655.94,39525343.86,11651651.07,11651651.07, ... ,5783781.49,40641803.40,45287366.27
Türkiye,2022,US$,992006205219.35,825156804185.41,165634276233.80,275489777744.14,288730896694.45, ... ,315686913447.03,274697319593.60,1194401649791.88
Uganda,2022,US$,33324325181.30,29420164382.27,3953691166.42,10694167151.41,10395473238.62,300615350.85,4579217922.02,7999577529.44,40037968776.30
Ukraine,2022,US$,87268597471.23,67450486057.61,18369006601.07,14073775990.83,12721264247.28,1408144221.01,25646990469.00,58754632698.32,71983887488.10
United Arab Emirates,2022,US$,273810029301.03,212844326468.38,60938940939.68,115947411061.36,89862871885.13,20346445654.32,457847913445.55,419220423703.58,431440812433.71
United Kingdom of Great Britain and Northern Ireland,2022,US$,2593733815149.42,2001730662117.99,658757261429.36,554309447242.03,584004554524.77,-1086351478.17,948685346539.18,993704036277.98,3209502458974.52
United Republic of Tanzania: Mainland,2022,US$,44969095508.48,39377044074.06,5592051434.42,30882795557.16,32444822472.76,-1562026915.60,9886535611.66,16110098500.52,71243031930.46
United Republic of Tanzania: Zanzibar,2022,US$,1211798131.96,1083971345.49,127826786.47,732698055.41,743958918.23,-11260862.83,274826042.91,395499425.30,1753101807.86
"Tanzania, United Republic of",2022,US$,46180893640.44,40461015419.55,5719878220.89,31615493612.57,33188781390.99,-1573287778.43,10161361654.57,16505597925.82,72996133738.32
United States,2022,US$,17537565549067.20,14683166433522.10,2853975014976.78,4748377556109.72,4611884039308.70,134332410179.64,2426243160614.95,3535378851241.16,21236275771824.90
Uruguay,2022,US$,48988861323.88,39028120815.37,9944962444.71,12055510840.22,11529071080.30,181294624.70,18555869319.29,17251706367.55,62821749988.63
Uzbekistan,2022,US$,102416164770.15,88953848365.31,14456068966.42,40458063061.03,42141703571.91, ... ,20575963195.92,31677456383.18,123818743183.80
Vanuatu,2022,US$,772401953.22,607750371.51,163626700.24,452656100.46,447028016.43,6148427.69,161542579.21,579246757.60,849180224.72
Venezuela (Bolivarian Republic of),2022,US$,118494338323.28,97218612738.05,15727415576.49,4608234364.40,7703934331.53,-9875428840.44,29253571411.44,43627159115.78,106672478450.71
Viet Nam,2022,US$,238346833524.16,204435661012.57,33877576962.53,123645803507.73,117065479049.60,6523773881.09,336448801569.43,318194389207.49,358918387505.78
Western Africa,2022,US$,721809416308.80,655148358329.72,65887121028.56,144945299171.17,139720062550.81,11914073881.55,133750043978.42,185570465958.76,810013434761.54
Western Asia,2022,US$,2666412058514.48,1986293639326.31,672866300570.08,976643812074.44,933538153898.53,76493759474.43,1563693517099.71,1432903655053.13,3650250358976.13
Western Europe,2022,US$,6533425037353.30,4571979380970.84,1959729580853.20,2068808457820.45,2005061010881.12,-9942730637.29,4867472184600.47,4495076145859.79,8979190228132.16
World,2022,US$,65901439851462.20,51074900212847.80,14952332831456.30,24230442392101.50,23401165412628.50,89804155681.01,26206106790221.70,26006146620224.00,90126324823402.40
Yemen,2022,US$,26156991563.59,21813752316.73,4343626932.93,5430615809.68,7231318734.63,249007029.40,826522023.77,8411837304.43,19294190425.74
Zambia,2022,US$,12856730994.40,9168365582.66,3688365411.91,6947697616.46,6464565444.87,483132171.42,10350281861.24,7494325150.86,25726859629.84
Zimbabwe,2022,US$,22796428654.79,16237455887.99,7130911205.07,2439603769.32,2276538247.27,161481480.51,5795727839.18,9923718602.10,21572380482.76
