Country Name,Country Code,Series Name,Series Code,2000 [YR2000],2001 [YR2001],2002 [YR2002],2003 [YR2003],2004 [YR2004],2005 [YR2005],2006 [YR2006],2007 [YR2007],2015 [YR2015],2016 [YR2016],2017 [YR2017],2018 [YR2018],2019 [YR2019],2020 [YR2020],2021 [YR2021],2022 [YR2022]
Afghanistan,AFG,GDP (current US$),NY.GDP.MKTP.CD,3521418059.92345,2813571753.87253,3825701438.99963,4520946818.54581,5224896718.67782,6203256538.70967,6971758282.29351,9747886187.39393,19134221644.7325,18116572395.0772,18753456497.8159,18053222687.4126,18799444490.1128,19955929052.1496,14266499429.8746,14502158192.0904
Africa Eastern and Southern,AFE,GDP (current US$),NY.GDP.MKTP.CD,287201651448.678,260992227336.281,267815037918.24,355716369427.671,442696185471.329,516661066465.534,580240749509.224,665598701583.95,899295676086.836,829829959319.292,940105480733.676,1012719339457.72,1006527294483.09,929074086484.093,1086772164579.87,1183962133998.87
Africa Western and Central,AFW,GDP (current US$),NY.GDP.MKTP.CD,142140083285.948,149451860838.109,178692437188.28,206982053949.069,256100640349.771,312409315139.612,397088785487.807,465683513908.341,769367317617.821,692181085843.488,685750159763.133,768189587833.624,823933630796.516,787146719022.421,845993047006.805,877140805320.357
Albania,ALB,GDP (current US$),NY.GDP.MKTP.CD,3480355258.04122,3922100793.5403,4348068242.19512,5611496257.14231,7184685781.51876,8052077248.14638,8896075004.63516,10677324852.8822,11386853113.0189,11861199830.8396,13019726211.7369,15156424015.1977,15401826127.2539,15162734205.2462,17930565118.8176,18916378860.5488
Algeria,DZA,GDP (current US$),NY.GDP.MKTP.CD,54790398570.3282,59413400923.6364,61516103406.1688,73482264190.9245,91913680985.1708,107046618669.707,123084258693.01,142482739809.849,187493855609.345,180763839522.151,189880896903.073,194554483655.528,193459662090.677,164873415325.201,186265418570.697,225560256621.757
American Samoa,ASM,GDP (current US$),NY.GDP.MKTP.CD,..,..,512000000,524000000,509000000,500000000,493000000,518000000,673000000,671000000,612000000,639000000,647000000,721000000,750000000,871000000
Andorra,AND,GDP (current US$),NY.GDP.MKTP.CD,1432606188.69324,1548265808.05802,1764279824.29752,2366941808.94404,2900245324.49221,3161084091.11674,3459337986.44948,3957625367.21959,2789881258.50362,2896610479.73077,3000162081.11976,3218419896.9641,3155149347.80639,2891001149.3611,3324683011.5903,3380602042.84283
Angola,AGO,GDP (current US$),NY.GDP.MKTP.CD,9129594970.15301,8936079117.73136,15285592370.374,17812704586.4397,23552057679.4994,36970900883.8109,52381025141.4268,65266415494.2584,90496420506.5957,52761617225.9253,73690154990.7312,79450688259.3664,70897962732.0277,48501561203.5686,66505129987.7235,104399746853.401
Antigua and Barbuda,ATG,GDP (current US$),NY.GDP.MKTP.CD,900551851.851852,877514814.814815,897988888.888889,947955555.555555,1026181481.48148,1143714814.81481,1303548148.14815,1487300000,1437755555.55556,1489692592.59259,1531151851.85185,1661529629.62963,1725351851.85185,1410796296.2963,1601366666.66667,1867733333.33333
Arab World,ARB,GDP (current US$),NY.GDP.MKTP.CD,760659530858.826,741974816657.261,743726477660.188,826976496725.027,983700787595.348,1205595865007.25,1434109187806.89,1668426022116.89,2544136348540.18,2499965913229.88,2571053716382.94,2865543585777.95,2898668715645.56,2576553324185.61,2969116805615.58,3613682354462.24
Argentina,ARG,GDP (current US$),NY.GDP.MKTP.CD,284203750000,268696750000,97724004251.8602,127586973492.177,164657930452.787,198737095012.282,232557260817.308,287530508430.568,594749285413.212,557532320662.955,643628393281.364,524819892360.176,447754683615.225,385740508436.965,487902572164.348,631133384439.944
Armenia,ARM,GDP (current US$),NY.GDP.MKTP.CD,1911563668.85006,2118467913.37873,2376335048.39976,2807061008.69084,3576615240.41616,4900469511.10191,6384452066.5146,9206301269.79164,10553337518.414,10546136235.5219,11527458709.0158,12457940694.7395,13619290539.2116,12641698583.2152,13878908628.9378,19513474648.2429
Aruba,ABW,GDP (current US$),NY.GDP.MKTP.CD,1873452513.96648,1896456983.24022,1961843575.41899,2044111731.84358,2254830726.25698,2360017318.43575,2469782681.56425,2677641340.78212,2962907262.56983,2983635195.53073,3092429050.27933,3276184357.5419,3395798882.68156,2558906303.88098,3103184101.51354,3544707788.05664
Australia,AUS,GDP (current US$),NY.GDP.MKTP.CD,416167815092.908,379629301675.108,395788696012.059,467739079790.332,614659980082.515,695692898676.56,748417562769.636,855007458585.224,1351768945139.11,1207580901578.72,1326882104817,1429733668185.91,1394671325960.57,1330381544909.3,1559033756285.13,1692956646855.7
Austria,AUT,GDP (current US$),NY.GDP.MKTP.CD,197289625479.906,197508773215.323,214394866675.24,262273631180.054,301457562038.541,316092273276.015,336280064332.411,389185571506.052,381971148530.543,395837353031.499,417261151844.977,454991174096.102,444596155845.254,435049316955.737,479295362747.047,470941926750.741
Azerbaijan,AZE,GDP (current US$),NY.GDP.MKTP.CD,5272615722.96892,5707616203.72011,6236087738.28284,7276413079.11451,8680405740.94125,13245421880.834,20981929497.6188,33049419431.2244,53076235354.746,37866996882.9157,40866627351.9817,47112470051.7701,48174235294.1176,42693000000,54825411764.7059,78807470588.2353
"Bahamas, The",BHS,GDP (current US$),NY.GDP.MKTP.CD,8076470000,8317830000,8881160000,8870090000,9055290000,9836200000,10167250000,10618340000,11671900000,11745100000,12236700000,12615800000,13016200000,9958200000,11368900000,13136400000
Bahrain,BHR,GDP (current US$),NY.GDP.MKTP.CD,9062898936.17021,8976196808.51064,9593510638.29787,11074813829.7872,13150159574.4681,15968723404.2553,18504760638.2979,21730000000,31125851063.8298,32250132978.7234,35423643617.0213,37802005319.1489,38653318085.1064,34621807712.766,39288670212.766,44383297872.3404
Bangladesh,BGD,GDP (current US$),NY.GDP.MKTP.CD,53369787318.6245,53991289844.3291,54724081490.5102,60158929188.2556,65108544250.0425,69476001429.8626,71795735672.0149,79611644984.3557,195146607942.291,265224514652.992,293732447017.328,321362751137.574,351231655150.827,373979442653.343,416271647002.435,460131688909.301
Barbados,BRB,GDP (current US$),NY.GDP.MKTP.CD,3059500000,3054500000,3106500000,3209500000,3444500000,3819500000,4217323400,4675767950,4738650450,4848210350,5000457800,5128345200,5367139250,4779756550,4945276000,5840673700
Belarus,BLR,GDP (current US$),NY.GDP.MKTP.CD,12736780455.1539,12354820143.8849,14594900944.7658,17825444724.4878,23141566292.9462,30210091836.8294,36961894281.3444,45275711995.825,56454889146.6088,47723545321.259,54725302249.8088,60031173807.7196,64410122847.3508,61371755326.2351,69673747131.87,73775179924.603
Belgium,BEL,GDP (current US$),NY.GDP.MKTP.CD,236792460312.471,236746141604.37,258383599375.177,318082528506.588,369214712443.206,385714762230.039,408259840868.823,470922156309.453,462335574841.484,476062757356.927,502764720556.354,543299066998.902,535865804349.803,526021513474.243,600904461226.347,583613982019.263
Belize,BLZ,GDP (current US$),NY.GDP.MKTP.CD,1134756760.62071,1168127973.94349,1240059540.09348,1303381860.75674,1394273990.60003,1468145956.19917,1584207353.22049,1699214298.91439,2194709309.24204,2240593542.9757,2266664817.08822,2292787335.62452,2386792476.10637,2047727810.06777,2424575179.3783,2830507575.6841
Benin,BEN,GDP (current US$),NY.GDP.MKTP.CD,3519991440.47913,3666222635.13875,4194342686.2178,5349258094.48239,6190270380.49856,6567654954.38903,7034111314.88812,8169048382.83875,11388160996.7738,11821065853.3838,12701655836.9467,14262408089.9261,14390708751.025,15686741883.934,17687623530.3355,17425418044.2906
Bermuda,BMU,GDP (current US$),NY.GDP.MKTP.CD,3480219000,3680483000,3937228000,4186525000,4484703000,4868136000,6144000000,6767000000,6654541000,6899911000,7142316000,7225977000,7423465000,6887147000,7286607000,7827980000
Bhutan,BTN,GDP (current US$),NY.GDP.MKTP.CD,460733418.399276,496110225.710307,559345263.708309,651935430.314445,735348490.428435,860391000.221655,942879878.538879,1255767964.00491,2154921010.65558,2322730512.46893,2591358115.15844,2583335723.32125,2735683408.57651,2457604042.40959,2768802803.18141,2898227713.22315
Bolivia,BOL,GDP (current US$),NY.GDP.MKTP.CD,8397855484.76908,8141516928.39489,7905485146.44351,8082399639.54305,8773451751.5121,9549122905.32852,11451844902.2214,13120108008.3477,33000198248.9146,33941126193.9219,37508642170.767,40287647930.5355,40895322850.9407,36629843806.0781,40406111693.1983,44008282879.8842
Bosnia and Herzegovina,BIH,GDP (current US$),NY.GDP.MKTP.CD,5567772768.81188,5800615466.26648,6728220886.64546,8498894359.38629,10156541538.399,11222796336.5426,12864841905.9543,15778734264.3787,16404348871.4437,17116926327.6247,18326373366.1105,20484053868.9246,20482608755.379,20226036564.4129,23672712242.2149,24534663636.1778
Botswana,BWA,GDP (current US$),NY.GDP.MKTP.CD,5788329609.15755,5489608299.66445,5438863982.88692,7511582173.37724,8957467706.5354,9918907108.09702,9919158482.41085,10567270655.5027,13530748844.505,15082637184.0496,16105155856.7708,17031943186.1353,16725908148.5481,14960291105.9316,18750946600.1423,20321958850.0363
Brazil,BRA,GDP (current US$),NY.GDP.MKTP.CD,655448231983.527,559983634798.981,509795273806.715,558233745651.874,669289424806.307,891633839853.105,1107626541710.74,1397114486471.38,1802212206904.68,1795693482652.52,2063514977334.32,1916933898038.36,1873288205186.45,1476107231194.11,1670647399034.67,1951923942083.32
British Virgin Islands,VGB,GDP (current US$),NY.GDP.MKTP.CD,..,..,..,..,..,..,..,..,..,..,..,..,..,..,..,..
Brunei Darussalam,BRN,GDP (current US$),NY.GDP.MKTP.CD,6001282104.08228,5601018684.24974,5843368267.85391,6557397070.22741,7872202803.40877,9531420027.79385,11470464771.013,12247677993.9248,12930291487.9581,11400466356.3898,12128183904.4501,13566937673.7966,13469235364.7032,12005799653.9835,14006496617.4458,16681536466.7183
Bulgaria,BGR,GDP (current US$),NY.GDP.MKTP.CD,13245990274.4581,14183446025.7389,16403043849.8297,21144957990.4681,26157743368.8716,29868657858.0082,34380536495.6739,44432811756.4731,50811995688.6771,53964253211.84,59309748166.1179,66370132238.3914,68881010245.5498,70368758395.141,84041493015.6618,90346169914.9349
Burkina Faso,BFA,GDP (current US$),NY.GDP.MKTP.CD,2968370087.59759,3190371080.94768,3622350062.96053,4740768142.67494,5451688537.60959,6146353173.34929,6547419820.38113,7625722836.76847,11832159315.6298,12833363045.3367,14106955615.3442,15890066221.2882,16032813501.6639,17725010530.7894,19643166853.6641,18820219331.2261
Burundi,BDI,GDP (current US$),NY.GDP.MKTP.CD,870486065.883137,876794723.068586,825394519.423728,784654423.620476,915257323.3961,1117113079.73645,1273375078.44844,1356199387.42308,3104003546.26497,2644487776.50077,2723586962.84034,2667182199.51333,2576518879.82353,2649680261.44299,2775798697.46022,3338722827.65691
Cabo Verde,CPV,GDP (current US$),NY.GDP.MKTP.CD,539227277.626411,563090490.377368,620507387.466174,813260468.873834,924940011.836897,972241676.907662,1107571457.90614,1649621738.63689,1749857620.35329,1849789985.99572,1996741539.95088,2205099506.99994,2252177124.32402,1821565613.68613,2051842609.64558,2303738020.15148
Cambodia,KHM,GDP (current US$),NY.GDP.MKTP.CD,3654031716.39855,3984000517.07441,4284028482.51213,4658246918.32119,5337833248.01434,6293046161.75932,7274595706.57406,8639235912.59077,18049954289.4721,20016747857.6367,22177200588.1826,24571753583.3935,27089390032.798,25872797891.7664,26961061151.7337,29504829319.3169
Cameroon,CMR,GDP (current US$),NY.GDP.MKTP.CD,10566579294.5159,10953485345.222,12417251341.6028,15970315030.2397,18826214125.2317,19509852219.8997,20910512979.1277,23928250409.2212,32210233021.4049,33814337040.7817,36098547058.7851,39955552189.795,39667757527.6578,40773241177.0505,44993521774.066,43644068310.851
Canada,CAN,GDP (current US$),NY.GDP.MKTP.CD,744773415931.587,738981792355.372,760649334098.005,895540646634.787,1026690238278.25,1173108598778.68,1319264809590.97,1468820407783.26,1556508816217.14,1527994741907.43,1649265644244.09,1725329192783.02,1743725183672.52,1655684730000.19,2007472181464.15,2161483369422.01
Caribbean small states,CSS,GDP (current US$),NY.GDP.MKTP.CD,17467367619.1113,17638376240.5484,18687788779.5269,19248879362.7334,20281937834.1151,22208371015.0416,25923714993.9059,28067234199.5014,34538256117.6859,33451252507.2663,34921587493.3397,36225416548.2006,37621010338.3616,31378030000.782,36706592898.6925,48138054138.9849
Cayman Islands,CYM,GDP (current US$),NY.GDP.MKTP.CD,..,..,..,..,..,..,4200288282.10157,4466278030.59167,4708167255.28727,4909322200.00212,5166281293.18715,5530178498.90783,5941896599.57333,5655357984.24218,6060026509.58539,6600844001.53721
Central African Republic,CAF,GDP (current US$),NY.GDP.MKTP.CD,916777282.691659,932648604.751954,996068144.884889,1142315522.53864,1272360517.32373,1337894378.73743,1461859762.33459,1699811294.94935,1695825714.19282,1825018144.65595,2072349972.6818,2220979146.11241,2221301351.43918,2326720900.38047,2516498412.46384,2382618615.01694
Central Europe and the Baltics,CEB,GDP (current US$),NY.GDP.MKTP.CD,428597564395.942,468614167274.24,528074378315.022,634393988542.297,763090451335.703,886072339096.301,1001637213773.61,1265565727257.36,1293623329358.52,1316821592128.16,1461567745963.7,1649014249607.31,1674815945871.77,1665817489087.96,1908203520080.5,1943576044705.41
Chad,TCD,GDP (current US$),NY.GDP.MKTP.CD,1388506771.58756,1710843377.00119,1997005708.81576,2742815071.5744,4422855660.82592,6649307523.64377,7428701453.91509,8650137743.32547,10950392256.9543,10097778098.1707,10000394381.0177,11239167898.3395,11314951091.7283,10715396042.3343,11779981332.16,12396807590.173
Channel Islands,CHI,GDP (current US$),NY.GDP.MKTP.CD,6439703434.71024,6232906290.4851,6663669064.7482,7332244897.95918,8553643354.08275,8827272727.27273,9676172953.08188,11514605842.3369,..,9072059721.02166,9070980826.69076,9940766574.08511,9921386549.99805,9301349237.2106,11138490591.657,11228317318.7652
Chile,CHL,GDP (current US$),NY.GDP.MKTP.CD,78339750721.7352,71574739561.4329,70264045939.1322,76492579644.0605,99075985773.176,122294145162.835,153843518171.43,172491076033.863,242450355827.827,249344863933.461,276154259987.103,295857562991.709,278285058719.466,254042159309.311,315515014838.539,302116539409.03
China,CHN,GDP (current US$),NY.GDP.MKTP.CD,1211331651866.09,1339400897105.11,1470557654799.95,1660280543846.79,1955346768721.39,2285961149879.85,2752118657184.02,3550327802998.4,11061572618578.7,11233313730348.7,12310491333980.9,13894907857880.6,14279968506271.7,14687744162801,17820459508852.2,17881783387000.9
Colombia,COL,GDP (current US$),NY.GDP.MKTP.CD,99875074951.0278,98200641203.3892,97945812802.8882,94644969157.0987,117092416666.245,145600529605.803,161792958904.864,206229540926.311,293492370193.166,282720100286.228,311866875156.879,334198218098.276,323031701192.84,270348342541.465,318524633225.395,345329875078.512
Comoros,COM,GDP (current US$),NY.GDP.MKTP.CD,351136579.648632,378512024.077556,425964681.044378,546885222.713065,633706110.795614,653845169.168576,698431793.872776,795673152.867077,966029600.862227,1012835493.19325,1077439756.59451,1188797449.38584,1195019531.9011,1225039196.61091,1296089479.91978,1242519407.77603
"Congo, Dem. Rep.",COD,GDP (current US$),NY.GDP.MKTP.CD,19088046305.7971,7438189100.33333,8728038525.14034,8937567059.87754,10297483481.223,11964484465.9388,14451901696.3878,16737071816.38,37917706497.1793,37134801555.3322,38019264794.8263,47568210009.8172,51775829877.2088,48716961860.1325,55328482783.5393,65801547619.5974
"Congo, Rep.",COG,GDP (current US$),NY.GDP.MKTP.CD,3227927697.57921,2796704604.03812,3034250923.97726,3503723087.74483,4656974940.12721,6650001680.48544,8072305029.06514,8782703436.70188,12434793867.7228,10931328149.6857,11834473047.7636,14773900277.9221,13976637328.8474,11468688140.7225,14825690210.0308,15817030156.9459
Costa Rica,CRI,GDP (current US$),NY.GDP.MKTP.CD,15013629658.6521,15976174336.9721,16578820687.2881,17271760506.9483,18610594846.2083,20040642476.9817,22715540324.6944,26884700344.8406,56441920821.0806,58847019609.6549,60516044657.2254,62420164991.5374,64417670521.1842,62395610760.3912,64960725734.1965,69243626028.5936
Cote d'Ivoire,CIV,GDP (current US$),NY.GDP.MKTP.CD,16577533891.8785,16810537043.8407,18054383320.8474,21251754340.4305,23510575681.3686,24036918703.1747,25281413263.3712,28760090953.3081,45815005169.2651,48407761036.8238,52512343996.69,58522477786.6889,60382894697.3557,63027852805.4204,72794636653.7793,70173140101.4315
Croatia,HRV,GDP (current US$),NY.GDP.MKTP.CD,22128414548.5444,23062561236.6444,26757989560.5798,35256066455.7356,41855195584.6518,45025679589.5466,49601653625.1683,59320099744.9501,51011170111.8487,52740059263.4245,56322449844.1579,61861145806.2687,61867157679.3215,58221300897.8838,69602166351.4771,71997070660.4835
Cuba,CUB,GDP (current US$),NY.GDP.MKTP.CD,30565400000,31682400000,33590500000,35901200000,38203000000,42643836100,48835925925.9259,54262870370.3704,87132800000,91370407863.7,96850649691.7406,100050036096.123,103427600000,107351800000,..,..
Curacao,CUW,GDP (current US$),NY.GDP.MKTP.CD,..,..,..,..,..,..,..,..,3058779217.87709,3024690167.59777,3033433240.22346,3046364804.46927,3026124134.07821,2534327597.76536,2739608133.18436,3073840325.43285
Cyprus,CYP,GDP (current US$),NY.GDP.MKTP.CD,9985844486.33365,10397897085.6102,11420227884.6154,14547325028.3126,17320552500,18433411267.2553,20072786350.5206,23968764029.5647,19909269064.1204,21046452116.3809,22946583374.7569,25597301190.9231,25947020102.4332,25227189744.9083,29482912835.3642,29250532020.0746
Czechia,CZE,GDP (current US$),NY.GDP.MKTP.CD,61828166496.0941,67808032979.5429,82196001050.7474,100090467581.268,119814434353.575,137143471328.274,156264095664.643,190183800884.018,188033050459.881,196272068576.338,218628940951.675,249000540729.179,252548179964.897,245974558654.043,281791218507.1,290565654835.809
Denmark,DNK,GDP (current US$),NY.GDP.MKTP.CD,164158739097.623,164791442543.375,178635163717.431,218096033517.009,251373002954.382,264467336457.17,282884947702.966,319423424509.066,302673070846.857,313115929314.339,332121063806.391,356841216410.068,346498737961.635,354762748338.661,405687998852.691,400167196948.707
Djibouti,DJI,GDP (current US$),NY.GDP.MKTP.CD,551230861.856505,572417440.820162,591122039.601398,622044665.515049,666072101.777505,708633194.726566,768873684.032838,847918929.107984,2424391785.43897,2604955228.70117,2762581334.22612,2913466732.12507,3088853638.56832,3185150981.03207,3385825228.86997,3674298479.07676
Dominica,DMA,GDP (current US$),NY.GDP.MKTP.CD,333470370.37037,340203703.703704,333196296.296296,343311111.111111,367200000,364255555.555556,390251851.851852,421374074.074074,540737037.037037,576229629.62963,521551851.851852,554770370.37037,611537037.037037,504214814.814815,555266666.666667,607159259.259259
Dominican Republic,DOM,GDP (current US$),NY.GDP.MKTP.CD,24305780628.6677,25601823687.5742,27137440786.2562,21403167848.1444,22322387382.494,35777560683.9366,37879830084.2627,43965458508.5056,71164826836.5281,75704647877.6559,79998046305.79,85555390139.118,88941372558.2397,78844656298.1776,94243425938.3647,113537368176.13
Early-demographic dividend,EAR,GDP (current US$),NY.GDP.MKTP.CD,3377700768682,3351139229137.53,3254999167379.13,3622987599508.75,4210079741319.68,4895873888500.77,5596741342074.53,6624825302691.11,10237020101449.3,10537028724316.6,11393447781978.4,11524427704062.7,11767656585558.1,10981013167791.7,12771307369960.5,14131148776107.2
East Asia & Pacific,EAS,GDP (current US$),NY.GDP.MKTP.CD,8377363424939.49,7789513198046.97,7912759253773.6,8702214026618.33,9758440010726.34,10411320781531.8,11034810130882.1,12331150790689.8,21995274219766.7,22776012762509.5,24329094912610,26487859556590.8,27032494942206.6,27156482410418.4,31148240510250.8,30663750183419.1
East Asia & Pacific (excluding high income),EAP,GDP (current US$),NY.GDP.MKTP.CD,1736143014172.34,1847119549328.77,2044360327928.27,2313862647600.91,2682937085437.41,3107694833176.92,3742774301714.16,4731773141261.09,13323235973753,13614572556661.5,14881098135429.5,16640354816152.1,17213215781553.2,17487334631867.3,20840018387172.9,21113809331055.5
East Asia & Pacific (IDA & IBRD countries),TEA,GDP (current US$),NY.GDP.MKTP.CD,1734140610323.9,1844983469200.51,2041978325525.65,2311138073121.47,2679766961249.68,3104015775227.44,3738299975924.3,4726058406128.56,13306887306272.5,13597889126598.8,14862823962899.4,16619890220308.8,17192020073785.4,17465773779184.1,20814269278438.4,21087707522778
Ecuador,ECU,GDP (current US$),NY.GDP.MKTP.CD,17539454727.3637,23127055000,27054197000,30965208000,35194947000,40278849000,45690762000,49848725000,97209558000,97671433000,104467486000,107478962000,107595829000,95865472000,107435101000,116586079000
"Egypt, Arab Rep.",EGY,GDP (current US$),NY.GDP.MKTP.CD,99838543960.0763,96684636118.5984,85146067415.7303,80288461538.4615,78782467532.4675,89600665557.4043,107426086956.522,130437828371.278,329366576819.407,332441717791.411,248362771739.13,262588632526.73,318678815489.749,383817841547.099,424671765455.704,476747720364.742
El Salvador,SLV,GDP (current US$),NY.GDP.MKTP.CD,11784927700,12282533600,12664190300,13243892200,13724810900,14698000000,15999890000,17011750000,23438240000,24191430000,24979190000,26020850000,26881140000,24921190000,29043140000,31988920000
Equatorial Guinea,GNQ,GDP (current US$),NY.GDP.MKTP.CD,1045998496.43872,1461139022.02954,1806742742.27311,2484745935.09329,4410764338.66733,8217369092.65224,10086528698.8604,13071718758.7373,13185496881.0174,11240808847.8878,12200913878.9827,13097012133.6159,11364133549.7478,9893816007.7398,12215878032.7166,13486788878.9757
Eritrea,ERI,GDP (current US$),NY.GDP.MKTP.CD,706370815.584416,752371688.743186,729321680.154324,870248267.550163,1109054005.43971,1098424685.66169,1211161879.6748,1317974491.05691,..,..,..,..,..,..,..,..
Estonia,EST,GDP (current US$),NY.GDP.MKTP.CD,5686579747.53524,6254649538.98487,7367975887.72723,9874013098.46432,12145911801.2422,14106790200.2239,17022870405.2189,22449129482.617,22890762090.1508,24072829276.7744,26924385103.0659,30624720196.229,31290453293.545,31330419851.1487,36864792511.6351,37921480881.5429
Eswatini,SWZ,GDP (current US$),NY.GDP.MKTP.CD,1738093840.36607,1542477308.89408,1432221739.12342,2197598466.25447,2770082791.50412,3178112498.67911,3291330019.17287,3469381231.49049,4063245671.29285,3816019193.16561,4402969225.92165,4666598024.18411,4495267265.76464,3982236693.8316,4850842540.99267,4790922788.70864
Ethiopia,ETH,GDP (current US$),NY.GDP.MKTP.CD,8242349617.8638,8231326016.47494,7850809498.16803,8623691300.04079,10131187261.4421,12401139453.9738,15280861834.6024,19707616772.7996,64589328550.5953,74296745207.8721,81770886825.6048,84269196625.8784,95912607722.3032,107657734392.446,111261882958.426,126772703047.701
Euro area,EMU,GDP (current US$),NY.GDP.MKTP.CD,6517629739562.02,6619382603491.19,7226691597174.83,8897545940283.21,10202235327777.1,10568560016101.4,11233646616679.6,12938432027569.6,11727106023830.5,12025904489799.8,12736901061170,13761117139592.9,13481146122147.1,13155164142399.1,14754625131073.3,14224347000135.6
Europe & Central Asia,ECS,GDP (current US$),NY.GDP.MKTP.CD,10065925069173.9,10168292808351,11134331409101.7,13534598831552.2,15775505005718.8,16780903793743.8,18167737736908.1,21227702064340.8,20481460301210.5,20408605606979.3,21652842504644.6,23188735732226.2,22908223277507.4,22156549343244.9,25331394418403.8,25389267749916
Europe & Central Asia (excluding high income),ECA,GDP (current US$),NY.GDP.MKTP.CD,390254644017.597,334433492950.211,389028550190.813,495996118252.84,639128690749.53,796047189589.775,925984007321.038,1165481350733.46,1507646946545.93,1447395306947.53,1485108260761.97,1459981302399.66,1488770219744.96,1428327223229.53,1659440839146.7,1803038234535.2
Europe & Central Asia (IDA & IBRD countries),TEC,GDP (current US$),NY.GDP.MKTP.CD,894544257579.766,909540184630.042,1022700571400.73,1258197590827.01,1628013567626.74,2039292026212.71,2466363795862.12,3172404499923.27,3627947465522.13,3486198200219.98,3909728235465.93,4077637180273.38,4159709661061.93,3900798423599.77,4623633114358.75,5220065561112.42
European Union,EUU,GDP (current US$),NY.GDP.MKTP.CD,7276390686987.55,7393611976746.92,8083519738170.34,9932134719712.14,11418900282600.5,11910069053861.6,12712635655986.7,14727520908988.9,13553897260141,13888833465037.9,14765880176508.2,15981445869808.9,15694050310523.1,15381418584246.1,17315127119106.5,16761496590765.2
Faroe Islands,FRO,GDP (current US$),NY.GDP.MKTP.CD,1067109530.64798,1160268212.07291,1275093689.27107,1501941580.88903,1724770770.83393,1759739599.22694,2017680834.89917,2339015313.29513,2573905971.05459,2813278868.78208,2980057377.87967,3188600927.46688,3266432734.22819,3262045883.37293,3655063937.93145,3555929833.05051
Fiji,FJI,GDP (current US$),NY.GDP.MKTP.CD,1678219507.89829,1652462023.46215,1833279985.36741,2300492465.32276,2708078476.63012,2980403844.72096,3076305452.86506,3378314599.76402,4682479893.97558,4930213644.36653,5353469174.47838,5581425327.44397,5444407198.13478,4432466219.87685,4305031649.74189,4979979531.2725
Finland,FIN,GDP (current US$),NY.GDP.MKTP.CD,126019543413.334,129533107311.811,140404460203.138,171652458349.411,197479443979.151,204885494686.381,217089269791.764,256378067752.158,234534382384.766,240771351298.833,255647979916.471,275708001767.843,268514916972.549,271886077382.102,296470417085.267,281887430795.721
Fragile and conflict affected situations,FCS,GDP (current US$),NY.GDP.MKTP.CD,468035986782.24,458017480633.769,446928936249.041,470617921462.847,596965322028.115,755160909781.589,945955284127.61,1159333496786.87,1617323277101.47,1490633651211.68,1549712150984.09,1735183810120.25,1842154935322.18,1690930063237.89,1796274437015.52,1950006457159.66
France,FRA,GDP (current US$),NY.GDP.MKTP.CD,1365639660792.16,1377657339291.34,1501409382971.38,1844544792036.86,2119633181634.37,2196945232435.8,2320536221304.7,2660591246211.77,2439188643162.5,2472964344587.17,2595151045197.65,2790956878746.66,2728870246705.88,2647418691598.45,2959355819170.5,2779092236505.85
French Polynesia,PYF,GDP (current US$),NY.GDP.MKTP.CD,3599845480.34359,3573808556.31268,3965405552.5203,4927780606.7707,5564109981.9138,5705052134.54253,5877997979.62266,6631156405.59637,5325846361.81186,5497036476.8031,5833352692.7995,6135116253.33452,6022276196.13871,5792545870.80614,6150640646.38319,5814661208.90544
Gabon,GAB,GDP (current US$),NY.GDP.MKTP.CD,5080483628.53013,5023265413.2623,5335451099.88223,6511903365.47554,7770219008.21293,9582783990.85345,10327598306.4575,12455409587.3371,14383107762.6952,14023890265.3665,14929487485.1623,16867326389.8704,16874405460.1955,15314577167.8211,20217946921.2065,21071739227.9422
"Gambia, The",GMB,GDP (current US$),NY.GDP.MKTP.CD,782913871.80966,687410645.063943,578235309.327198,487038685.045496,961900651.423441,1027701067.55688,1054112487.74083,1279703047.0221,1378176608.93204,1484578885.97132,1504909462.69521,1670671327.81651,1813609692.49994,1812170891.19069,2014158842.65394,2175099789.97829
Georgia,GEO,GDP (current US$),NY.GDP.MKTP.CD,3057475335.18846,3219462262.0075,3395766677.67315,3991377904.13162,5125365191.98664,6410912049.87105,7745250733.95067,10172931088.5655,15223796148.8396,15444548901.9637,16473125375.0684,17902544880.6471,17638337116.9126,16010869215.68,18853115588.8106,24984568959.605
Germany,DEU,GDP (current US$),NY.GDP.MKTP.CD,1947981991011.77,1945790973803.15,2078484517474.51,2501640388482.35,2814353869359.08,2846864211175.1,2994703642023.53,3425578382921.58,3357585719351.56,3469853463945.53,3690849152517.65,3974443355019.6,3889177589254.9,3887727161914.41,4278503934689.85,4082469490797.68
Ghana,GHA,GDP (current US$),NY.GDP.MKTP.CD,4982850662.20851,5314872854.4405,6166197847.85031,7632723555.66221,8881417906.71432,10744568381.4456,20885037596.6963,24827339138.4906,49406010054.2663,56164929304.8754,60405924078.7278,67298914624.3723,68337969247.7067,70043095503.6675,79524421861.2743,74263364041.8742
Gibraltar,GIB,GDP (current US$),NY.GDP.MKTP.CD,..,..,..,..,..,..,..,..,..,..,..,..,..,..,..,..
Greece,GRC,GDP (current US$),NY.GDP.MKTP.CD,130457756628.436,136309295225.34,154564203586.954,202370140236.265,240963562236.127,247875422204.414,273546728473.073,318902829550.733,195683527003.375,193148146586.933,199844406013.531,212049447242.111,205252760889.364,188480337285.605,214667807441.202,217581324512.059
Greenland,GRL,GDP (current US$),NY.GDP.MKTP.CD,1068025016.00862,1086170703.9816,1169136716.03557,1558759823.08169,1822499769.23938,1849802648.36391,2013106929.50031,2249811295.6608,2499113022.81675,2707139544.46695,2851613679.03433,3055782146.15957,2997309971.87623,3082884653.2456,3235809504.29871,..
Grenada,GRD,GDP (current US$),NY.GDP.MKTP.CD,520044370.37037,520444185.185185,540336925.925926,591018407.407407,599118592.592593,695555555.555555,698700666.666667,758683592.592593,997007407.407407,1061640740.74074,1125685185.18519,1166514814.81481,1213485185.18519,1043411111.11111,1122800000,1224577777.77778
Guam,GUM,GDP (current US$),NY.GDP.MKTP.CD,..,..,3394000000,3569000000,3869000000,4213000000,4238000000,4397000000,5799000000,5901000000,6013000000,6051000000,6355000000,5916000000,6234000000,6910000000
Guatemala,GTM,GDP (current US$),NY.GDP.MKTP.CD,19288929030.0508,18405220247.4412,20444205991.025,21576351798.9145,23577298094.6571,26783389293.922,29744246827.1839,33567850824.1039,62186064718.7424,66053403469.0024,71653754066.2763,73328365862.4329,77172317258.6478,77715183063.2054,86053083476.0294,95003330315.8754
Guinea,GIN,GDP (current US$),NY.GDP.MKTP.CD,4367458866.71537,4125527603.22908,4301608752.51396,5025167975.26363,5300767960.51572,4282468636.90501,4220019242.72882,6281917649.94033,8794202394.29076,8595955600.36601,10324668271.1032,11857030367.2441,13442861496.4128,14177835841.3923,16091817842.1318,20999229260.4995
Guinea-Bissau,GNB,GDP (current US$),NY.GDP.MKTP.CD,391345597.467891,412610871.491565,466773711.234075,553614800.137137,582169841.275298,639776040.624112,634781901.283407,753162998.060137,1152384166.79638,1245074264.10396,1469978606.12143,1554133593.91699,1486476582.06759,1520479984.56808,1724555634.36594,1714166526.44573
Guyana,GUY,GDP (current US$),NY.GDP.MKTP.CD,712667896.727512,712167450.162898,726131434.715338,743063950.317749,787814379.183843,824880550.343965,2379817990.6918,2730971595.39574,4279840193.7046,4482697336.56174,4748174334.14044,4787636997.85343,5173760191.84652,5471256594.72422,8041362110.31175,14718388489.2086
Haiti,HTI,GDP (current US$),NY.GDP.MKTP.CD,6813566098.8675,6331970324.31022,6205847213.6351,5071947798.27263,6087360684.2969,7030149730.33692,7638739122.67242,9228637767.69009,14849629308.6025,14069277526.2278,15093357161.1498,16403864617.8458,15016090929.5125,14508222518.3018,20877414952.6375,20253551920.5516
Heavily indebted poor countries (HIPC),HPC,GDP (current US$),NY.GDP.MKTP.CD,181381059271.133,174623068211.625,189453215972.277,214945631968.986,247743498935.084,283838004106.178,332982475731.497,397470489216.475,667302120360.803,674512464051.689,724757996634.928,774607047567.848,803355942387.056,811360288084.988,902263213997.82,981675388899.477
High income,HIC,GDP (current US$),NY.GDP.MKTP.CD,28036716903140.2,27811072270318.1,29022750091985.2,32574954634084.8,36387608557612.2,38623901277744.2,40986059390577,45098647855102.4,49773105280474.1,50737236574099.6,53336788717601.6,56684556889445.8,57218295248360.4,55791128824226.2,62461025675219.6,64444446480056.6
Honduras,HND,GDP (current US$),NY.GDP.MKTP.CD,7186638029.05875,7651162302.3456,7858255412.86038,8230391346.67228,8869299234.3377,9757012696.56212,10917477066.1429,12361257680.5627,20979791685.416,21717604952.1835,23136247990.5977,24067750760.499,24882225741.8119,23352232483.755,28144331506.6149,31426041806.7985
"Hong Kong SAR, China",HKG,GDP (current US$),NY.GDP.MKTP.CD,171668891194.349,169404327616.605,166348866131.028,161385558801.811,169099768875.193,181569311742.213,193535442896.365,211596944503.8,309385622601.348,320860317562.562,341273289534.466,361731070995.726,363074545072.389,344943149590.058,368954169748.818,358696261481.16
Hungary,HUN,GDP (current US$),NY.GDP.MKTP.CD,47218405892.4258,53749989092.0197,67608919144.3684,85285062818.0077,104120820258.669,113211158292.936,115715618613.052,140186716681.425,125174166987.372,128609822750.039,143112196040.326,160565642983.587,164020460331.659,157288955508.176,182109999477.691,177006128624.627
IBRD only,IBD,GDP (current US$),NY.GDP.MKTP.CD,5873248460100.09,5954917913637.39,6043651266693.34,6788178855352.03,8085419494002.9,9657998889452.8,11453342785003.8,14221824723610,25838353087075.7,26027770587219.1,28745223958869,30579316565085.1,31246593993598.4,30103859045527.8,35740404315658.1,37733201523901.4
Iceland,ISL,GDP (current US$),NY.GDP.MKTP.CD,9025660361.75842,8234846804.60582,9318395054.85934,11429333037.8443,13825302535.7699,16852963067.0496,17465318552.2941,21652505596.7528,17517210519.0912,20793168030.9524,24728285177.4603,26260850582.0687,24681343649.2952,21629953194.0659,25797870984.2963,28701830401.6837
IDA & IBRD total,IBT,GDP (current US$),NY.GDP.MKTP.CD,6390526414219.35,6465885572313.4,6593953285638.37,7408766752494.04,8811152019657.5,10499926993564.5,12458305114561.1,15401421654907.7,27987288576613.1,28169507573194.1,30960119365364,32964096579686,33722356189565.9,32528587315534.1,38378968351134.2,40566997900554.3
IDA blend,IDB,GDP (current US$),NY.GDP.MKTP.CD,226799197386.943,226318400272.65,248462838455.275,280423881008.659,340143118674.081,402541987923.416,498778333888.959,578188309214.908,1054056007822.38,984095717018.772,967437544352.281,1056914447272.39,1077750148722.68,1009467966729.65,1104603036389.8,1183656384165.71
IDA only,IDX,GDP (current US$),NY.GDP.MKTP.CD,291557552376.776,285482351627.007,303011338636.681,341509684072.074,386660282055.165,440100803249.348,506608850466.335,601253783985.4,1093640032209.07,1156608800300.87,1247733925328.46,1327890357838.68,1397670771530.98,1414559582470.64,1535389926749.6,1651361994353.62
IDA total,IDA,GDP (current US$),NY.GDP.MKTP.CD,517721477276.152,511239299618.944,550995965118.905,621400206928.45,726522702342.759,842542900340.948,1005777469306.55,1179708743319.34,2147696040031.45,2140704517319.64,2215171469680.75,2384804805111.07,2475420920253.66,2424027549200.29,2639992963139.39,2835003428054.01
India,IND,GDP (current US$),NY.GDP.MKTP.CD,468395521654.458,485440139204.171,514939140318.756,607700687237.318,709152728830.775,820383763511.445,940259888787.721,1216736438834.96,2103588360044.39,2294796885663.67,2651474262755.59,2702929641648.14,2835606256558.84,2674851578586.86,3167270623260.52,3353470496885.95
Indonesia,IDN,GDP (current US$),NY.GDP.MKTP.CD,165021012077.81,160446947784.909,195660611165.183,234772463823.808,256836875295.452,285868619196.085,364570515618.357,432216737774.861,860854232686.214,931877364037.698,1015618744159.73,1042271532988.63,1119099871350.2,1059054842698.48,1186509691086.73,1319076267310.16
"Iran, Islamic Rep.",IRN,GDP (current US$),NY.GDP.MKTP.CD,109591707801.431,126878750295.583,128626917504.398,153544751396.211,190043433963.866,226452138295.726,266298911663.707,349881601462.439,408212917874.964,457954614593.746,486630147094.486,329691934142.938,283649531542.741,239735486745.385,359096907772.273,413394567603.552
Iraq,IRQ,GDP (current US$),NY.GDP.MKTP.CD,48364250943.9051,36176430128.8057,32928454672.4246,21921569478.8163,36633669269.3981,50065104667.8159,65147051918.0219,88837057319.5179,166774104959.102,166743557747.671,187217660050.676,227367469034.031,233636097800.338,180898797936.279,209691945713.103,286640340965.517
Ireland,IRL,GDP (current US$),NY.GDP.MKTP.CD,100207610429.909,109346669229.695,128596035288.401,164670771259.602,194372115041.065,211876989655.907,232180617162.279,270079279419.5,292364226871.756,298559265006.398,337241811320.896,386693357874.056,398933010007.356,428608687830.239,513391778882.86,533140011838.276
Isle of Man,IMN,GDP (current US$),NY.GDP.MKTP.CD,1563667799.61578,1659131243.73837,1947332921.74718,2328658227.8481,2822358473.16983,3032411026.94919,3422733202.4501,4466350655.89909,7084800892.22284,6846377563.00683,6979788333.50279,7491649455.92717,7314967866.28289,6684225641.02564,7931193222.06405,..
Israel,ISR,GDP (current US$),NY.GDP.MKTP.CD,136035771711.672,134635822098.58,125060622862.932,131299915899.958,139973148371.263,147083996033.603,158670456932.537,184052121662.082,303414276832.04,322102790386.835,358245427458.541,376691526553.276,402470513619.148,413267669231.522,488526545878.891,525002447652.773
Italy,ITA,GDP (current US$),NY.GDP.MKTP.CD,1146676894209.73,1168023426056.38,1276769338449.3,1577621707050.51,1806542968545.56,1858217147203.73,1949551719389.64,2213102482751.46,1836637711060.55,1877071687633.78,1961796197354.36,2091932426266.98,2011302198827.45,1897461635591.91,2154875493744.93,2066972096553.7
Jamaica,JAM,GDP (current US$),NY.GDP.MKTP.CD,9005064474.93003,9194727831.07318,9719009494.84779,9430234810.78586,10174664853.9476,11243865777.7131,11930179089.8855,12799600047.1845,14188936918.0036,14077096676.6213,14808985132.7722,15730792876.2656,15830766531.1474,13812421835.7369,14657586159.4316,17097760686.7775
Japan,JPN,GDP (current US$),NY.GDP.MKTP.CD,4968359075956.59,4374711694090.87,4182846045873.61,4519561645253.53,4893116005656.56,4831467035389.8,4601663122649.92,4579750920354.81,4444930651964.18,5003677627544.24,4930837369151.42,5040880939324.86,5117993853016.51,5055587093501.59,5034620784584.98,4256410760723.75
Jordan,JOR,GDP (current US$),NY.GDP.MKTP.CD,8460789844.8519,8975814652.8196,9582510578.27927,10195627644.5698,11411706629.055,12588998589.5628,15056981664.3159,17110437235.543,38587017887.3239,39892551126.7606,41608435915.493,43370860704.2254,44502816901.4085,43700383098.5916,46296100140.8451,48653381830.9859
Kazakhstan,KAZ,GDP (current US$),NY.GDP.MKTP.CD,18291990662.0356,22152689179.8815,24636598527.4437,30833692900.1091,43151647002.6096,57123671733.8952,81003864630.018,104849915058.376,184388404706.042,137278320084.171,166805788827.233,179339977690.485,181667184854.501,171082365861.423,197112255360.612,225496328925.494
Kenya,KEN,GDP (current US$),NY.GDP.MKTP.CD,12705350097.8044,12986007425.8781,13147736898.5176,14904517649.8476,16095337093.8366,18737895512.7378,25825512284.2891,31958195182.2406,70120446896.8359,74815144163.8931,82036510877.2599,92202979985.2863,100378436207.371,100657505750.545,109703658904.994,113419826113.903
Kiribati,KIR,GDP (current US$),NY.GDP.MKTP.CD,74790109.3848832,65168750.8598655,74977058.6499892,95984600.9569924,104430807.970865,113786233.087662,112201076.377306,138066995.126653,191572320.429122,206658568.822507,223029864.54193,233859230.192198,216891541.021351,222973879.711097,289207526.306617,270520731.599041
"Korea, Dem. People's Rep.",PRK,GDP (current US$),NY.GDP.MKTP.CD,..,..,..,..,..,..,..,..,..,..,..,..,..,..,..,..
"Korea, Rep.",KOR,GDP (current US$),NY.GDP.MKTP.CD,576179387819.613,547656279894.587,627246933729.618,702714855193.904,793175561887.027,934901071332.984,1053216909887.56,1172614086539.86,1466038936206.43,1499679823909.61,1623074183501.9,1725373496825.43,1651422932447.77,1644312831906.17,1818432106880.04,1673916511799.71
Kosovo,XKX,GDP (current US$),NY.GDP.MKTP.CD,..,..,..,..,..,..,..,..,6295848422.71573,6682677289.98994,7180764703.35718,7878759714.82322,7899737577.47286,7717145217.81247,9413403724.01899,9354903061.8898
Kuwait,KWT,GDP (current US$),NY.GDP.MKTP.CD,37718743480.0751,34889559869.8326,38135788413.8276,47874582231.588,59439090600.6108,80798630136.9863,101557330723.423,114634043361.692,114585555830.916,109406674087.947,120687539675.517,138202535962.401,138696321087.864,107512998447.021,141777271268.694,182809482400.924
Kyrgyz Republic,KGZ,GDP (current US$),NY.GDP.MKTP.CD,1369688498.06778,1525116370.27939,1605643104.73021,1919008090.49641,2211534585.0034,2460246766.41401,2834168889.42019,3802570552.56105,6678177511.66313,6813095379.1187,7702938379.42036,8271106235.41552,9371275264.36735,8270468614.24051,9249133946.26531,12134931017.9465
Lao PDR,LAO,GDP (current US$),NY.GDP.MKTP.CD,1731198022.46763,1768619058.34647,1758176653.07746,2023324407.28414,2366398119.86321,2735558734.7379,3455030060.9785,4223152739.04052,14426380125.6488,15912501722.6143,17071155481.4994,18141641089.7963,18740561512.5555,18981805250.2424,18827148530.9347,15468785203.7532
Late-demographic dividend,LTE,GDP (current US$),NY.GDP.MKTP.CD,3410313487927.4,3525091029820.11,3736796107267.68,4257947205698.71,5117293242644.11,6172905218377.23,7448573743924.26,9382447414660.31,18550881244486,18593573738109.3,20631078375844.2,22623622462864.8,23050208314364,22531183291578.3,26872794398412,28062557325965.1
Latin America & Caribbean,LCN,GDP (current US$),NY.GDP.MKTP.CD,2326171956618.83,2281659001901.31,2051651216847.52,2090649676533.06,2404140329731.79,2901840928620.71,3395773013103.38,3997430459125.19,5418289197382.29,5283310849435.27,5866482345855.61,5742638741431.28,5659965575492.01,4804924789054.88,5578001135446.18,6341680448313.76
Latin America & Caribbean (excluding high income),LAC,GDP (current US$),NY.GDP.MKTP.CD,2001496152611.12,1951435655114.42,1757081641119.62,1793945251035.72,2043684160277.32,2470502060472.19,2881093926514.89,3401597415158.73,4634564315170.45,4496975505130.54,5012883307321.98,4870399271215.6,4804547155275.13,4046822646872.37,4690738841614.13,5389510951677.69
Latin America & the Caribbean (IDA & IBRD countries),TLA,GDP (current US$),NY.GDP.MKTP.CD,2214793108979.01,2161567505918.14,1927469572333.21,1960572727991.55,2264753929049.28,2751720692302,3234376593372.23,3826508335402.83,5194835549016.91,5053700630074.01,5631949735822.71,5506072829643.66,5413987316641.17,4561296585538.66,5310337203631.62,6045250902748.99
Latvia,LVA,GDP (current US$),NY.GDP.MKTP.CD,7958852838.93395,8362398701.58943,9557031605.27512,11771975156.8073,14435700533.368,17003459863.0989,21570076498.6205,31054350977.9784,27263090547.0617,28083597512.4841,30483806017.8318,34429023435.0211,34225547537.0745,34390910338.9604,39443126174.4335,40422521943.4418
Least developed countries: UN classification,LDC,GDP (current US$),NY.GDP.MKTP.CD,224220841301.621,215386170078.767,235506872334.174,266569126690.004,306201111423.094,360878706648.537,417524553902.592,501270268255.774,920864864683.309,936561647193.379,1025062467402.31,1090417461003.23,1150500716964.01,1162019936698.84,1266743958589.09,1424615962242.83
Lebanon,LBN,GDP (current US$),NY.GDP.MKTP.CD,17260364842.4544,17649751243.7811,19152238805.9701,20082918739.6352,21159827992.0398,21497336498.8391,22022709851.4096,24827355014.9254,49929337836.8159,51147308774.1294,53027680685.9038,54901519155.5556,51605959131.2741,31712128253.7961,23131941556.7843,20992421948.8081
Lesotho,LSO,GDP (current US$),NY.GDP.MKTP.CD,887291687.920796,825706961.238689,775777238.55814,1157825434.78971,1511236655.52047,1682343527.49221,1800092563.75462,1682131784.51365,2359686724.53829,2114426453.70697,2306741674.055,2556247291.99785,2390702295.82777,2053338465.24462,2406780518.52811,2289355249.40148
Liberia,LBR,GDP (current US$),NY.GDP.MKTP.CD,874000000,906000000,927000000,748000000,897000000,949000000,1119000000,1373000000,3227075700,3398419600,3390703400,3422754800,3319596500,3176126340,3513049520,4001047000
Libya,LBY,GDP (current US$),NY.GDP.MKTP.CD,38270954138.1128,34112093927.254,20481889763.7795,26265625000,33122307692.3077,47334691241.4924,60094231606.642,68032978390.6007,48717501321.3052,49912073701.298,67157452181.7738,76686029772.1483,72081962263.1794,65688454971.5663,47786789103.8172,55938727098.0174
Liechtenstein,LIE,GDP (current US$),NY.GDP.MKTP.CD,2483889858.32312,2491800558.77674,2688618747.38148,3070803051.42164,3454373797.74442,3659319116.88057,4000102086.14635,4601429897.21468,6268515276.17441,6237302033.50132,6474308717.85289,6692620691.84146,6436467007.11932,6405870210.32293,7710380085.92257,7364654515.13984
Lithuania,LTU,GDP (current US$),NY.GDP.MKTP.CD,11524776866.6379,12237388001.7264,14259781159.0119,18781721376.1985,22627507451.5648,26097677571.8373,30183575103.5262,39697891351.9431,41435533340.3883,43047309305.7363,47758736931.7801,53751411409.4447,54808531641.4117,56964942999.3651,66798933785.7702,71013953448.2085
Low & middle income,LMY,GDP (current US$),NY.GDP.MKTP.CD,5680267093251.76,5687811932590.82,5796547790161.36,6487373546291.21,7609727994130.64,8985212394211.48,10575560319816.4,12982509324893,25326526306958.9,25586586836480,27933259327710.6,29703722066967.9,30424528245038.4,29491920680088.1,34734957850217.4,36438640513559.9
Low income,LIC,GDP (current US$),NY.GDP.MKTP.CD,123908609247.707,116417867734.747,128027966515.984,142978584361.763,167196877615.717,199723321087.33,232208542309.02,282893624749.081,416120726145.318,383741508244.759,401921089084.377,418228093932.972,445278364305.202,439782467036.046,466420564539.205,530578689814.764
Lower middle income,LMC,GDP (current US$),NY.GDP.MKTP.CD,1185525202868.85,1197955232304.74,1264000378395.07,1433893499316.57,1649437905989.37,1900255691229.5,2225374816704.39,2723528151247.76,5083698600746.07,5297558624291.54,5693069209502.07,5979736767522.21,6278114868365.95,6081790240107.94,6894335373844.59,7341102945343.33
Luxembourg,LUX,GDP (current US$),NY.GDP.MKTP.CD,21230182989.3036,21387533703.2327,23649833332.1655,29667268248.1305,35064843792.8993,37672280120.4794,42910146296.0646,51587401415.7872,60071584216.1375,62216885435.9488,65712180342.9836,71000359760.4611,69890505323.5842,73699366700.2134,85584105993.8746,81641807865.7591
"Macao SAR, China",MAC,GDP (current US$),NY.GDP.MKTP.CD,6774193548.3871,6860272608.45211,7371692774.43404,8246479565.94248,10643253553.184,12160056122.3757,14874098691.9082,18439981612.4086,45048190598.3249,45070808688.9611,50383871120.8733,55190661339.7796,55082293844.1008,25343525935.8358,30969334705.0515,24464719190.0616
Madagascar,MDG,GDP (current US$),NY.GDP.MKTP.CD,4629247203.84524,5438332601.90798,5351701663.40807,6372498889.66585,5064732626.29389,5859269752.61332,6395712490.94304,8524620889.57747,11323020701.3017,11848613858.442,13176313593.5509,13760033282.2925,14104664678.5063,13051441203.9474,14554754116.5427,15302510500.0528
Malawi,MWI,GDP (current US$),NY.GDP.MKTP.CD,2537307580.32808,2498008664.6691,5087328437.8737,4669789300.35662,5058726350.48896,5320409651.47544,5818279739.14354,6451210219.11683,9219474379.31534,7909868618.46366,8943543677.18899,9880675785.93057,11077305329.6417,12041250083.8828,12580922008.2096,13129458325.7379
Malaysia,MYS,GDP (current US$),NY.GDP.MKTP.CD,93789736842.1053,92783947368.4211,100845526315.789,110202368421.053,124749473684.211,143534405818.501,162692258307.056,193549569477.733,301355266964.947,301256033870.334,319109094160.343,358788845712.53,365177721021.516,337456163961.211,373832428055.449,407027451714.616
Maldives,MDV,GDP (current US$),NY.GDP.MKTP.CD,624337145.284622,870031676.798793,897031250,1052121054.6875,1226829562.5,1163362437.5,1575200390.625,1868383460.9375,4129505319.12921,4409942623.85538,4816426256.52914,5404344162.69888,5726094799.37709,3712604583.36665,5254366312.27648,6170638746.31376
Mali,MLI,GDP (current US$),NY.GDP.MKTP.CD,2961484953.86444,3468337942.32063,3908121307.01957,4714071979.68835,5454249125.72966,6247515888.14533,6905934217.90901,8156468826.12645,13104764378.326,14026048335.7047,15365713048.1993,17070867589.9055,17280250810.0321,17465392764.3706,19309463508.0377,18780322203.7584
Malta,MLT,GDP (current US$),NY.GDP.MKTP.CD,4069515556.78692,4088368961.75836,4470446352.32569,5448415539.81248,6098092511.83004,6416184235.8384,6778324087.13818,7925371458.80527,11091483659.6156,11668015565.8082,13484541925.7714,15404393365.2073,16004563885.7539,15249999048.0297,18123718946.6006,18357069272.7682
Marshall Islands,MHL,GDP (current US$),NY.GDP.MKTP.CD,114838470.458984,122406127.929688,131959976.196289,131128479.003906,132791854.858398,137815414.428711,142922515.869141,150104705.810547,183222930.908203,200900711.05957,212935714.72168,219430038.452148,231996704.101563,240751144.40918,257784881.591797,258774475.097656
Mauritania,MRT,GDP (current US$),NY.GDP.MKTP.CD,1779520886.47015,1746063557.61355,1777057481.26043,2051147606.73687,2362501023.24249,2936019525.60241,3919577285.92703,4346212355.02975,6166863896.68677,6398747592.13185,6800135898.28827,7473550557.07378,7894764885.82312,8260752385.23089,9222536364.01272,9744039514.55646
Mauritius,MUS,GDP (current US$),NY.GDP.MKTP.CD,4726108622.47661,4675755867.17657,4906494249.38255,5894873919.74797,6667418752.07307,6576108447.47531,7028810680.89077,8150150209.22501,12007291045.6489,12594155464.4136,13713506130.6081,14735695930.9727,14436346979.6355,11408106446.3144,11484348766.0434,12927979286.0453
Mexico,MEX,GDP (current US$),NY.GDP.MKTP.CD,742061329643.37,796064590656.176,810666116505.478,765549967703.273,819459227375.022,917571853529.104,1020265057882.01,1102355554971.95,1213294467716.88,1112233497452.7,1190721475906,1256300182879.73,1305211135822.61,1120832412468.85,1313069763986.6,1463323889036.56
"Micronesia, Fed. Sts.",FSM,GDP (current US$),NY.GDP.MKTP.CD,233271800,240970900,242517200,245432900,240236000,250281900,253541900,256787200,316489900,325000000,359000000,392000000,394000000,372000000,390000000,430000000
Middle East & North Africa,MEA,GDP (current US$),NY.GDP.MKTP.CD,992555771865.102,987483973174.614,979351629694.585,1090479523920.4,1286313655244.43,1542092360435.57,1810948296494.28,2140272377688.62,3201010427587.39,3234258578074.41,3372000244857.37,3538057099135.22,3549945029851.94,3199081953495.53,3780277127064.96,4497116837259.17
Middle East & North Africa (excluding high income),MNA,GDP (current US$),NY.GDP.MKTP.CD,474549193839.263,480454322805.497,463162700952.368,509460205617.962,604588881725.056,707135263713.176,828322826165.268,1016252730742.9,1460582775148.29,1496714718329.85,1496691802249.52,1421482666869.71,1433133665481.6,1324364502715.09,1535302141067.38,1760103359907.54
Middle East & North Africa (IDA & IBRD countries),TMN,GDP (current US$),NY.GDP.MKTP.CD,470235593839.263,476450622805.496,459606900952.367,505492205617.961,599985781725.056,702009563713.175,822974526165.268,1010437030742.9,1446610375148.29,1481309318329.85,1480563802249.52,1405206066869.71,1416000165481.6,1308832802715.09,1517193141067.38,1740947356984.75
Middle income,MIC,GDP (current US$),NY.GDP.MKTP.CD,5557879880102.09,5572267083031.9,5670206841562.76,6346256902458.92,7444671186560.87,8788211804677.96,10346313007674.3,12703066994715,24911694910932.1,25202592678135.5,27530340426178,29284043921765.4,29978481798259.3,29051739634677.8,34266063721746.8,35907869702102.2
Moldova,MDA,GDP (current US$),NY.GDP.MKTP.CD,1288429391.79951,1480673594.05602,1661818168.4226,1980907434.76826,2598249555.89984,2988342907.03096,3408255450.5509,4401173151.93767,7797667196.73087,7980917075.7748,9514404016.20949,11252353420.8798,11736797054.6965,11530746234.4492,13691869264.0794,14510490660.2516
Monaco,MCO,GDP (current US$),NY.GDP.MKTP.CD,2654462665.26893,2673723033.71239,2919647981.81473,3597089750.78276,4043551488.82603,4204652898.73103,4586826512.71356,5875790766.2621,6261649890.82388,6465645584.94877,6431271365.08338,7182444409.54069,7383944044.17,6739645416.47916,8626081320.50612,8784002931.68665
Mongolia,MNG,GDP (current US$),NY.GDP.MKTP.CD,1136896123.61298,1267997934.3125,1396555719.97409,1595297355.78349,1992066808.09598,2523471601.10421,3414055661.61598,4234999703.90059,11619892590.6941,11181350649.3573,11480847740.736,13178094720.4986,14206359017.5143,13312981429.0891,15286441737.6686,17146471713.748
Montenegro,MNE,GDP (current US$),NY.GDP.MKTP.CD,984293043.811565,1159869245.92513,1284685050.52413,1707710053.14938,2073234417.68066,2257174480.78597,2721903148.91482,3680711743.77224,4054730077.57718,4376930578.32395,4856599480.79882,5506942238.35668,5542054181.12616,4769996866.00758,5861427505.12493,6229801580.79157
Morocco,MAR,GDP (current US$),NY.GDP.MKTP.CD,43017455401.8445,43831480207.6444,47077192187.6418,58029363354.2757,66114145451.0067,68852658068.6673,75883823300.8545,86947913286.728,110413823841.592,111572947004.917,118540573367.844,127341147581.818,128920266409.458,121353645057.144,141817797083.468,130912558829.84
Mozambique,MOZ,GDP (current US$),NY.GDP.MKTP.CD,5930685214.61595,5650154067.10346,5950769426.60213,6583526860.58062,7937255565.35765,8868504899.94673,9509835536.93373,10811456005.9405,16208985769.615,12069051237.1711,13264640645.7768,15017359042.4464,15512758964.5779,14235420174.1813,16168055475.085,18406835494.9468
Myanmar,MMR,GDP (current US$),NY.GDP.MKTP.CD,8905066163.58643,6477790688.22844,6777632512.0781,10467109977.6717,10567354056.4049,11986972418.5103,14502553709.8303,20182477480.5512,59607290407.6191,63298361996.2153,66053040483.0016,67860515989.517,75065106227.6892,79006113643.1906,66345291160.1683,62253049891.6449
Namibia,NAM,GDP (current US$),NY.GDP.MKTP.CD,3922232164.83175,3557341215.15159,3349169826.38896,4926439383.51425,6609205994.77406,7248374837.72056,8001779551.06323,8839536475.99963,11335161083.5061,10722018732.0936,12895153160.466,13682018827.0434,12541928102.7657,10583748541.5258,12402486183.6396,12567271004.6761
Nauru,NRU,GDP (current US$),NY.GDP.MKTP.CD,26930980.3429002,22613287.5389074,21017423.6082043,24778159.5806639,30587565.7988334,30070666.0652533,29200359.3890386,22766972.1889659,84863440.5801997,97541943.0355053,109355638.866955,130995566.30391,125160115.547819,124685688.161094,175390280.69162,153824609.470517
Nepal,NPL,GDP (current US$),NY.GDP.MKTP.CD,5494252207.90502,6007055042.17687,6050875806.66403,6330473096.54071,7273938314.71988,8130258377.90964,9043715355.8881,10325618017.379,24360801286.7638,24524109483.5293,28971588940.364,33111525237.149,34186180699.0255,33433659301.2466,36924841394.2605,41182939600.67
Netherlands,NLD,GDP (current US$),NY.GDP.MKTP.CD,417479337444.707,431586852369.686,473861980070.981,580070360701.96,658380081545.175,685348181515.953,733955269898.823,848558887541.179,765572770634.375,784060430240.08,833869641687.06,914043438179.607,910194347568.626,909793466661.481,1029678338329.44,1009398719033.08
New Caledonia,NCL,GDP (current US$),NY.GDP.MKTP.CD,3420032041.07385,3297734891.14661,3740056747.71979,4915353827.10576,5895008977.9531,6238629487.01331,6979155387.86792,8819917180.34265,8738203074.3957,8724568954.89799,9174048681.98577,9896402283.68587,9475655324.59495,9454629467.91408,10071349663.8484,9623318718.31459
New Zealand,NZL,GDP (current US$),NY.GDP.MKTP.CD,52623281956.7031,53872425916.6248,66627729311.4495,88250885550.2626,103905210084.034,114720129550.095,111538810712.665,137188946865.584,178104220784.881,188898209220.167,206566916732.292,211846555690.736,212846907683.439,212697530897.56,253644079784.977,246733522841.353
Nicaragua,NIC,GDP (current US$),NY.GDP.MKTP.CD,5109583827.37851,5351768843.61983,5223736466.14695,5322243501.97953,5792949922.19461,6321335612.22233,6763688104.72396,7423421958.4248,12756706583.3113,13286118584.2563,13785943183.0661,13025239912.2751,12699046244.607,12681548303.6856,14144067555.6566,15649934214.9276
Niger,NER,GDP (current US$),NY.GDP.MKTP.CD,2241753192.81158,2448714703.96617,2782192878.67204,3394084732.49543,3760443737.53797,4383315964.58718,4756361252.37923,5731485051.79069,9683867926.44282,10398861981.7583,11185104251.6943,12837307496.8821,12889555561.2299,13744653103.058,14915002436.069,15433852712.2963
Nigeria,NGA,GDP (current US$),NY.GDP.MKTP.CD,69171451627.2465,73557840064.489,95054059302.6995,104738954264.226,135764731645.611,175670569969.346,238454997161.48,278260846800.103,493026682800.63,404649125252.16,375745731053.427,421739251509.08,474517490844.461,432198898467.795,440838992188.478,472624596925.938
North America,NAC,GDP (current US$),NY.GDP.MKTP.CD,10999205634931.6,11324591275355.4,11693694562098,12356177171634.8,13248370941278.2,14217173734778.7,15140991809591,15949815407783.3,19858182357217.1,20339807652907.4,21268509960244.1,22389071169783,23272543648672.5,22985521877000.2,25608789788464.2,27913419349422
North Macedonia,MKD,GDP (current US$),NY.GDP.MKTP.CD,3772859034.20508,3709636030.66578,4018365747.00972,4946296599.08467,5682784471.69722,6258602872.67898,6861226971.55617,8336474973.72949,10064519962.5655,10672467073.2873,11307067069.6658,12683068114.2388,12606338448.547,12361036913.8409,14000283827.0154,13711469681.1535
Northern Mariana Islands,MNP,GDP (current US$),NY.GDP.MKTP.CD,..,..,1284000000,1239000000,1210000000,1061000000,990000000,938000000,910000000,1230000000,1560000000,1301000000,1181000000,858000000,..,..
Norway,NOR,GDP (current US$),NY.GDP.MKTP.CD,171457201935.968,174239354070.977,195914852576.467,229385469337.024,265268662473.297,309978579743.888,346915160681.708,402643260487.572,388159512245.53,370956547619.048,401745275035.261,439788625883.8,408742840909.091,367633418886.627,503367986030.268,593726965415.619
Not classified,INX,GDP (current US$),NY.GDP.MKTP.CD,..,..,..,..,..,..,..,..,..,..,..,..,..,..,..,..
OECD members,OED,GDP (current US$),NY.GDP.MKTP.CD,27669616112069.4,27415354309328.3,28601698343642.8,31985356194060,35608846779453.8,37648159767684.9,39718283258802.5,43483775703184.9,47536673280840.8,48460554255214.5,50610712929528.3,53525975116832.1,54053010452622.2,52852896615891.7,58899843230643.7,60170092967268.4
Oman,OMN,GDP (current US$),NY.GDP.MKTP.CD,19507452535.7607,19452000520.156,20142756046.814,21633708192.4577,24763712873.8622,31081991677.5033,37215779713.9142,42085379453.8362,78710793237.9714,75128738621.5865,80856697009.1027,91505851755.5267,88060858257.4772,75909397659.2978,88191977373.212,114667360208.062
Other small states,OSS,GDP (current US$),NY.GDP.MKTP.CD,55909436459.4723,56104114431.8509,61196326388.686,75225425145.7421,89281970467.4135,101041826683.492,113035701751.595,135646182748.022,151721848514.729,159200150156.228,176977448024.04,193850030853.887,195442320173.664,178185121948.331,208006924432.84,223331355321.864
Pacific island small states,PSS,GDP (current US$),NY.GDP.MKTP.CD,3448222600.9246,3391891585.17383,3556817548.49446,4239645994.42881,4876721916.03378,5412748919.65417,5680719028.4396,6259150036.43948,9082590662.61225,9532201525.56813,10290482444.2108,10791457053.2083,10729092905.3643,9505064735.52033,9493809706.88294,10316299126.576
Pakistan,PAK,GDP (current US$),NY.GDP.MKTP.CD,99484802344.5277,97145618479.9038,97923302809.3537,112371913740.823,132216048339.413,145208562960.767,161871385506.36,184140869997.46,299963590534.773,313630000130.435,339205534861.1,356128166704.921,320909472770.669,300425609817.981,348516647445.148,374787958882.308
Palau,PLW,GDP (current US$),NY.GDP.MKTP.CD,149535827.636719,159453506.469727,162665542.602539,154559875.488281,166391555.786133,191048400.878906,193679687.5,200903640.74707,287215972.900391,305404174.804688,292345764.160156,288160980.224609,281828704.833984,261179138.183594,229858184.814453,242333709.716797
Panama,PAN,GDP (current US$),NY.GDP.MKTP.CD,12304115000,12502013400,12994310400,13693981200,15013381700,16374393900,18141666300,21295984200,54091800000,57907700000,62202700000,67294169200,69721787500,57086836900,67406738100,76522511780.6222
Papua New Guinea,PNG,GDP (current US$),NY.GDP.MKTP.CD,3521339699.07407,3081024212.42924,2999511040.19764,3536411824.2958,3927157866.96465,4865892972.27595,8354911040.70193,9545028944.34579,21723437010.0982,20758876952.6232,22742699138.356,24109780708.0268,24751066910.5409,23848445103.9227,26113333240.2333,31603619036.6338
Paraguay,PRY,GDP (current US$),NY.GDP.MKTP.CD,8855705139.55857,8495806432.18467,7196260656.84556,7691367471.17992,9624440836.29309,10737500188.1123,13429430050.261,17856393235.4338,36211447840.0971,36089700222.9461,38997129473.5558,40225448340.6322,37925338329.1494,35432178068.1814,39950899938.7482,41952910858.0846
Peru,PER,GDP (current US$),NY.GDP.MKTP.CD,51744749133.213,52030158775.4055,54777553515.0809,58731030121.8671,66768703497.5687,76060606060.6061,88643193061.748,102170981144.136,189802976285.619,191898104390.379,211007984080.911,222597009739.235,228346006003.648,201409694755.934,226354278280.885,246488757636.211
Philippines,PHL,GDP (current US$),NY.GDP.MKTP.CD,83669788254.7279,78921234457.5487,84307345887.543,87039092974.2272,95001999685.3314,107419977318.166,127652926368.069,155980408673.403,306445871246.718,318627003012.52,328480736798.792,346841896583.515,376823402244.928,361751145451.597,394087359848.11,404353369604.631
Poland,POL,GDP (current US$),NY.GDP.MKTP.CD,172220451786.957,190905493539.168,199070448694.9,217828661056.935,255107252158.631,306145944824.93,344626667414.292,429020755432.721,477111287969.227,470024599375.619,524641252834.826,588779796423.695,596058473058.766,599442732365.372,681346077608.607,689763329458.441
Portugal,PRT,GDP (current US$),NY.GDP.MKTP.CD,118605192877.388,121604107164.997,134795565549.419,165226175536.793,189382122532.169,197253876704.921,208756449275.848,240496147317.381,199394066525.44,206426152308.931,221357874718.93,242313116577.967,239986922638.902,229031860520.777,255534839405.899,255196659934.378
Post-demographic dividend,PST,GDP (current US$),NY.GDP.MKTP.CD,26398822852316.2,26143738576771.1,27268490857927.4,30570527940011,33970525840134.3,35741585554610.1,37604152308152.6,41042492733642.3,44669765037594.5,45693398993292.1,47667106352008.1,50504305917292.3,51018795008395.9,50004904334179.6,55588775180110.4,56564201304341.6
Pre-demographic dividend,PRE,GDP (current US$),NY.GDP.MKTP.CD,282743056562.662,268398133177.297,308709461199.595,336310592477.534,419004384473.709,521959796164.308,656227260844.848,793488291778.382,1305833014908.77,1163168926723.78,1214614486271.29,1353360006187.64,1427162956056.16,1309584194481.23,1435824208115.63,1639586866408.66
Puerto Rico,PRI,GDP (current US$),NY.GDP.MKTP.CD,61701800000,69208400000,71623500000,74827400000,80322313000,83914521300,87276164400,89524131600,103375500000,104336700000,103445500000,100958100000,105126400000,103130900000,106426600000,113567200000
Qatar,QAT,GDP (current US$),NY.GDP.MKTP.CD,17759890109.8901,17538461538.4615,19363736263.7363,23533791208.7912,31734065934.0659,44530494505.4945,60882142857.1429,79712087912.0879,161739955576.923,151732181868.132,161099122225.275,183334953818.681,176371267692.308,144411363351.648,179732009560.44,235770403734.9
Romania,ROU,GDP (current US$),NY.GDP.MKTP.CD,37253739511.1273,40395116581.4832,46065502702.5817,57806384143.166,74973656851.8076,98454380120.0761,122023735992.706,174588782938.583,177883883008.747,185287630540.431,210147163769.848,243316029944.056,251017797625.017,251362514349.697,285810244501.933,298891515898.026
Russian Federation,RUS,GDP (current US$),NY.GDP.MKTP.CD,259710142196.943,306602070620.5,345470494417.863,430347420184.885,591016690732.385,764015973481.11,989932071352.543,1299703478481.65,1363482182197.71,1276786350881.14,1574199360089,1657328773461.31,1693115002708.32,1493075894362.14,1843392293734.38,2266029240645.34
Rwanda,RWA,GDP (current US$),NY.GDP.MKTP.CD,2068837212.16681,1966600292.24011,1966004242.63282,2138237345.50967,2376495586.62323,2933819820.13637,3319783951.83124,4070508542.75032,8543759088.57783,8695272095.38502,9252834120.39358,9637904552.51428,10349299855.8404,10174387614.2558,11069280277.007,13316160803.5187
Samoa,WSM,GDP (current US$),NY.GDP.MKTP.CD,258856139.798489,266299591.479428,281790134.211972,333426188.41876,407747565.096959,476801793.159429,499923757.780736,573548459.833372,824150498.653536,843924796.697421,884844384.463214,878448433.404342,912950466.064906,868898358.266437,843923638.733018,832945205.637185
San Marino,SMR,GDP (current US$),NY.GDP.MKTP.CD,1005159388.24397,1077413479.05282,1168269230.76923,1464326160.8154,1723750000,1785847531.40157,1908167105.75837,2185874623.59704,1419400403.82788,1468342430.7393,1528621195.4832,1655354303.86998,1616188702.33964,1541247883.99351,1855382833.1165,..
Sao Tome and Principe,STP,GDP (current US$),NY.GDP.MKTP.CD,76198394.8202671,75951133.3777948,85171073.8777498,102085769.123419,114582283.916382,136450662.390592,142775104.081626,149146918.888611,259999643.047388,292267272.196925,322002845.229335,383717327.830508,412976064.479214,471229484.607144,524402450.755612,542686976.457587
Saudi Arabia,SAU,GDP (current US$),NY.GDP.MKTP.CD,189514933333.333,184137600000,189605866666.667,215807733333.333,258742133333.333,328459608764.111,376900133511.348,415964509673.115,669484266666.667,666000000000,714994666666.667,846583733333.333,838564800000,734271200000,874156000000,1108571466666.67
Senegal,SEN,GDP (current US$),NY.GDP.MKTP.CD,6013185003.97525,6507824829.26254,7006402319.75856,8768721563.18211,10076816666.6196,11009033437.939,11697918243.0035,13994218412.9619,17774766696.1759,19040312333.1864,20996562943.5979,23116701556.1381,23403995992.1354,24530513037.7518,27520784129.7508,27619479059.6131
Serbia,SRB,GDP (current US$),NY.GDP.MKTP.CD,6875845986.52121,12960546471.3782,17120906918.3503,22482365321.7656,26141968161.0924,27683225959.2468,32482070360.3204,43170990616.4729,39655949731.3816,40692661657.284,44179075778.9267,50640662859.4987,51514242938.6734,53356484591.4378,63101042897.707,63563410720.7093
Seychelles,SYC,GDP (current US$),NY.GDP.MKTP.CD,654212394.27164,662064155.920692,742134837.50919,750847230.099263,893012218.181818,977899381.818182,1081441283.31798,1077308813.82945,1432403352.12944,1568513348.14463,1675370641.01416,1784313926.76807,1868690096.73454,1382551751.56908,1487173794.80528,2057968519.83091
Sierra Leone,SLE,GDP (current US$),NY.GDP.MKTP.CD,635874002.198748,1074851475.17873,1236235826.58409,1369685676.56203,1430217080.66487,1627058424.93809,1862116290.541,2126679543.58623,4252029353.82191,3862721266.02162,3719443418.26155,4085114387.55605,4076578698.79107,4062906265.7332,4249234704.01866,4094563859.43556
Singapore,SGP,GDP (current US$),NY.GDP.MKTP.CD,96076539925.7409,89793790669.6515,92538372869.6942,97646401095.6369,115033593101.049,127807848728.398,148627286361.351,180941701357.97,307998545269.398,319053943915.005,343257164581.712,376892697588.005,376901649222.451,349488382610.662,434111559282.849,498474540987.78
Sint Maarten (Dutch part),SXM,GDP (current US$),NY.GDP.MKTP.CD,..,..,..,..,..,..,..,..,1417888715.0838,1427017206.70391,1353212122.90503,1259200446.92737,1407880446.92737,1236428100.55866,1353071061.45251,1537088715.0838
Slovak Republic,SVK,GDP (current US$),NY.GDP.MKTP.CD,29242558796.5507,30778781606.9575,35297794385.6863,46919965224.1497,57437444469.087,62808723476.719,70767338922.4411,86563986799.2505,88900883130.8374,89952699524.894,95649966260.9802,106137924015.593,105711680180.565,106737868873.941,118563266602.359,115584743573.553
Slovenia,SVN,GDP (current US$),NY.GDP.MKTP.CD,20289627636.6767,20876309970.385,23489890274.3142,29634713641.0968,34414784504.2352,36206395970.6504,39481045038.2637,48067401207.3978,43107506024.3254,44766722790.5826,48589100043.0954,54177882425.8431,54386654313.9685,53734526854.2289,61832201543.8285,60063475466.3446
Small states,SST,GDP (current US$),NY.GDP.MKTP.CD,76825026679.5082,77134382257.573,83440932716.7072,98713950502.9043,114440630217.562,128662946618.187,144640135773.94,169972566983.963,195342695295.027,202183604189.062,222189517961.591,240866904455.296,243792423417.39,219068216684.633,254207327038.415,281850778773.269
Solomon Islands,SLB,GDP (current US$),NY.GDP.MKTP.CD,419842674.227652,409508552.979972,346406738.885237,417668983.408349,468005318.551977,552864570.225819,617258154.260133,695295347.621537,1307909887.55212,1379490304.2254,1469789119.08756,1615478393.28614,1619155017.3924,1536145814.17007,1522794913.0914,1566360686.10632
Somalia,SOM,GDP (current US$),NY.GDP.MKTP.CD,3412797450.20112,2252847464.68608,2192684134.59273,2836724351.5616,3859592813.10255,4683246454.10048,5026743282.04251,5430713728.89074,6984947145.09508,7390796616.52817,8252394373.29698,8278212314.40466,9420431258.24747,9204140383.17612,9838711529.45848,10419541202.0391
South Africa,ZAF,GDP (current US$),NY.GDP.MKTP.CD,151752757215.309,135429905922.526,129087556612.449,197018965308.697,255806908594.573,288867217196.534,303858675363.643,333077117253.684,346709790458.563,323585509674.481,381448814653.456,405260723892.517,389330032224.269,338291396026.698,420117812466.041,405270850098.738
South Asia,SAS,GDP (current US$),NY.GDP.MKTP.CD,647681666329.099,662513570031.796,695456014025.075,811668772003.7,941600860447.854,1075831387301.19,1220740366279.36,1536036848206.91,2733618963171.59,3011037037667.86,3433921312241.12,3534066858502,3658209766221.57,3493120726807.89,4079882760410.17,4327288984027.91
South Asia (IDA & IBRD),TSA,GDP (current US$),NY.GDP.MKTP.CD,647681666329.099,662513570031.796,695456014025.075,811668772003.7,941600860447.854,1075831387301.19,1220740366279.36,1536036848206.91,2733618963171.59,3011037037667.86,3433921312241.12,3534066858502,3658209766221.57,3493120726807.89,4079882760410.17,4327288984027.91
South Sudan,SSD,GDP (current US$),NY.GDP.MKTP.CD,..,..,..,..,..,..,..,..,11997800760.2242,..,..,..,..,..,..,..
Spain,ESP,GDP (current US$),NY.GDP.MKTP.CD,598363313494.903,627830029412.205,708756677088.629,907491523174.116,1069055675273.75,1153715822717.51,1260398977831.76,1474002579820,1196156971279.69,1233554967011.68,1313245330197.65,1421702715218.04,1394320055129.41,1278128867875.49,1445651653604.63,1417800466262.65
Sri Lanka,LKA,GDP (current US$),NY.GDP.MKTP.CD,16330814179.9766,15749753804.8344,16536535647.0834,18881765437.2151,20662525941.2985,24405791044.7761,28279802405.9138,32350238760.4239,85140955388.8509,88012282205.8357,94376237797.2367,94493871200.7869,89014978344.1404,84304298770.5329,88609332762.4729,74144875098.0587
St. Kitts and Nevis,KNA,GDP (current US$),NY.GDP.MKTP.CD,421695769.843918,458643829.014199,481077373.669966,469869869.86987,506900000,547203703.703704,644414814.814815,689285185.185185,957222222.222222,1006818518.51852,1056977777.77778,1076548148.14815,1107855555.55556,883922222.222222,858622222.222222,981429629.62963
St. Lucia,LCA,GDP (current US$),NY.GDP.MKTP.CD,932592592.592592,892592592.592592,900000000,987407407.407407,1066666666.66667,1135555555.55556,1268319185.18519,1336088814.81481,1807640740.74074,1868544444.44444,1998503703.7037,2060955555.55556,2092081549.02444,1497825994.23221,1834796401.63261,2343703788.17323
St. Martin (French part),MAF,GDP (current US$),NY.GDP.MKTP.CD,..,..,..,..,..,..,..,..,..,..,..,..,652206037.103874,..,649206262.847519,..
St. Vincent and the Grenadines,VCT,GDP (current US$),NY.GDP.MKTP.CD,427946037.037037,462072333.333333,487763851.851852,509090888.888889,549900185.185185,579948925.925926,643501148.148148,713596666.666667,786555555.555555,814303703.703704,844040740.740741,884329629.62963,910766666.666667,869111111.111111,872225925.925926,966492592.592592
Sub-Saharan Africa,SSF,GDP (current US$),NY.GDP.MKTP.CD,428346156747.99,409772900328.954,446110426619.537,561821496869.847,697688286597.488,827932293880.68,976583731601.043,1130543907099.93,1668662993704.66,1522011045162.78,1625855640496.81,1780908927291.34,1830460925279.6,1716220805506.51,1932765211586.67,2061102939319.23
Sub-Saharan Africa (excluding high income),SSA,GDP (current US$),NY.GDP.MKTP.CD,427688179170.896,409106816914.196,445363669974.506,561066946684.464,696791130087.664,826950419336.099,975498431473.479,1129464143218.9,1667230590352.53,1520442531814.64,1624180269855.8,1779124613364.58,1828592235182.87,1714838253754.94,1931278037791.87,2059044970799.4
Sub-Saharan Africa (IDA & IBRD countries),TSS,GDP (current US$),NY.GDP.MKTP.CD,428346156747.99,409772900328.954,446110426619.537,561821496869.847,697688286597.488,827932293880.679,976583731601.043,1130543907099.93,1668662993704.66,1522011045162.78,1625855640496.81,1780908927291.34,1830460925279.6,1716220805506.51,1932765211586.67,2061102939319.23
Sudan,SDN,GDP (current US$),NY.GDP.MKTP.CD,12257299147.2936,15716361792.1926,18137128388.3606,21355298459.5955,26646007250.7319,35182711987.974,45263831634.1497,59440139774.8128,51726758676.7677,42630376000,41283617976.1905,32333780383.2924,32338079165.2893,27034593750,34229513774.9936,51666875363.0963
Suriname,SUR,GDP (current US$),NY.GDP.MKTP.CD,947671969.69697,834279357.798165,1093574468.08511,1274190311.41869,1484092538.40527,1793410397.38738,2626380435.17877,2936612021.85792,5126237646.22072,3317421648.09918,3591679430.99988,3996198866.57453,4016040575.08796,2911807496.20227,3081401725.88833,3620987993.32637
Sweden,SWE,GDP (current US$),NY.GDP.MKTP.CD,262835454366.855,242395852494.409,266849061835.659,334337212322.076,385118044877.465,392218088878.779,423093437423.762,491252589217.021,505103781349.757,515654671469.547,541018749769.097,555455371487.089,533879529188.454,547054174235.876,639714956069.468,590409594949.102
Switzerland,CHE,GDP (current US$),NY.GDP.MKTP.CD,279216033870.204,286582672434.226,309301422430.386,362075086507.76,403912891033.374,418284865884.998,441634672196.523,490740715594.802,694118186379.628,687895460902.713,695200833086.499,725568717468.001,721369112726.724,741999406005.627,813408787222.499,818426550206.45
Syrian Arab Republic,SYR,GDP (current US$),NY.GDP.MKTP.CD,18937052543.4373,20237024724.7039,20669357462.3831,21828144686.0394,25086950495.0495,28858965517.2414,33751788856.305,40465318382.0585,16466863097.2125,12597854884.462,16369843341.3865,21497782880.7488,22583045052.56,11155888304.0023,8980060818.72145,..
Tajikistan,TJK,GDP (current US$),NY.GDP.MKTP.CD,860541842.263697,1080772551.29433,1221106220.2868,1555318261.4172,2076176869.41089,2312352020.6689,2830213848.6203,3719524540.86193,8271431485.07484,6992416096.89018,7536402852.85802,7764999999.45362,8300813599.3084,8133963550.65742,8937805347.13963,10713525200.3998
Tanzania,TZA,GDP (current US$),NY.GDP.MKTP.CD,13371767081.7428,13563990022.3641,14129651895.6911,15211487708.7684,16673062473.3981,18395383647.4975,18619859795.2852,21860434823.4808,47413919817.124,49774409374.4538,53274884532.7886,57003712892.0858,61026731925.9213,66068737786.0639,70655628147.8986,75769974505.0106
Thailand,THA,GDP (current US$),NY.GDP.MKTP.CD,126392224253.794,120296476180.402,134300904400.022,152280615245.887,172895685154.658,189318408468.595,221758296021.621,262942621455.053,401296238228.084,413366349747.508,456356813536.764,506754208404.485,543976691793.886,500461898480.246,506256494297.34,495645210972.751
Timor-Leste,TLS,GDP (current US$),NY.GDP.MKTP.CD,366924300,477443500,469455500,490439100,440772000,462268000,453792400,542795400,1595205100,1652603700,1598208400,1566157200,2027034000,2162619200,3621958000,3204753000
Togo,TGO,GDP (current US$),NY.GDP.MKTP.CD,2106848752.25468,2093498674.44312,2410199032.43261,2987984050.94186,3191561508.73414,3221910408.43007,3320907721.81095,3759964943.40568,5755461035.44333,6071170959.12093,6387422517.69225,7029300383.08031,6992700101.37188,7400284167.78479,8342243645.94438,8169476148.95692
Tonga,TON,GDP (current US$),NY.GDP.MKTP.CD,204848487.806485,181117230.406546,182764280.828501,202246591.215502,230657627.231323,261803684.241754,292230662.399012,298519024.14082,437003078.563584,420548712.433288,460374354.847247,488906838.594866,512053692.078675,484796854.918756,469228219.665791,500274898.085221
Trinidad and Tobago,TTO,GDP (current US$),NY.GDP.MKTP.CD,8154338232.95978,8824873259.32105,9008273720.93395,11305459802.0683,13280275123.0354,15982282462.3786,18369361094.3886,21641620049.9352,27026080986.578,23713671528.1421,24040299977.8745,24569079488.3913,23775754304.6652,20807571314.3043,24496505940.6673,30053575132.142
Tunisia,TUN,GDP (current US$),NY.GDP.MKTP.CD,21473528160.7782,22065832448.8623,23141616604.5242,27453902261.4629,31183885241.4396,32272186694.8043,34376664600.5898,38915353866.757,45779494041.9295,44360072680.4476,42163530590.9462,42686580020.8322,41905540184.424,42491816475.7118,46812290143.344,44579761022.8993
Turkiye,TUR,GDP (current US$),NY.GDP.MKTP.CD,274294623164.043,201753123806.695,240249071871.106,314595572145.767,408865430220.331,506314717661.655,557076157773.479,681321124295.914,864313810469.009,869682881593.041,858988492853.742,778972199727.859,761005946788.221,720338498174.744,819865253669.661,907118435952.688
Turkmenistan,TKM,GDP (current US$),NY.GDP.MKTP.CD,2904663310.9825,3534772732.39746,4462029108.72349,5977440582.80171,6838351088.46688,8103901996.37024,10276674364.8961,12664165103.1895,35799714285.7143,36169428571.4286,37926285714.2857,40765428571.4286,45232857142.8571,45818000000,50007428571.4286,56542857142.8571
Turks and Caicos Islands,TCA,GDP (current US$),NY.GDP.MKTP.CD,..,358744800,366707900,409753600,485598800,578645800,721891500,773489700,942070000,1032452000,1028941663.2,1128749004.5304,1177285211.72521,774653669.315186,1045782453.5755,1228794382.95121
Tuvalu,TUV,GDP (current US$),NY.GDP.MKTP.CD,15073975.5349377,13964732.327114,16842672.5952874,19456338.0318228,22798274.9795551,22909979.8163078,24096875.4635825,28450168.692765,36811936.0824587,41629064.2232388,45276595.3533146,48015259.8751356,54123198.5662913,51746594.3148543,60196405.7138393,59065982.0873657
Uganda,UGA,GDP (current US$),NY.GDP.MKTP.CD,6193246837.09687,5840503868.51573,6178563591.12051,6606884275.23087,7939487547.77384,9239221763.05793,9977647682.96954,11902564494.8833,32387183730.1002,29203988696.2626,30744473841.424,32927025619.6795,35348155095.4215,37600368239.8824,40529788744.0595,45565333216.4142
Ukraine,UKR,GDP (current US$),NY.GDP.MKTP.CD,32375083934.8241,39309580983.2282,43956163612.0433,52010355753.0461,67220154164.3166,89238865118.5263,111884752475.248,148733861386.139,91030967789.0717,93355869403.9223,112090505081.739,130891088293.55,153883047509.577,156617722013.342,199765859570.935,161989520721.19
United Arab Emirates,ARE,GDP (current US$),NY.GDP.MKTP.CD,104337372362.151,103311640571.818,109816201497.617,124346358066.712,147824370319.946,180617467964.602,222116541865.214,257916133424.098,370275469571.137,369255326235.534,390516804029.952,427049432157.931,417989721742.682,349473015330.157,415178792756.978,507063968277.74
United Kingdom,GBR,GDP (current US$),NY.GDP.MKTP.CD,1665534876683.31,1649827263567.01,1785729916067.15,2054422857142.86,2421525082387.4,2543180000000,2708441582336.71,3090510204081.63,2927911140916.73,2689106566899.61,2680148052335.3,2871340347581.79,2851407164907.81,2697806592293.86,3141506156618.7,3088839763445.02
United States,USA,GDP (current US$),NY.GDP.MKTP.CD,10250952000000,10581929000000,10929108000000,11456450000000,12217196000000,13039197000000,13815583000000,14474228000000,18295019000000,18804913000000,19612102000000,20656516000000,21521395000000,21322950000000,23594031000000,25744108000000
Upper middle income,UMC,GDP (current US$),NY.GDP.MKTP.CD,4372322368009.91,4374275436517.74,4406150082412.21,4912292057325.6,5795163605374.28,6887893992464.03,8120870119143.41,9979459027920.7,19827996310186,19905034053844,21837271216675.9,23304307154243.2,23700366929893.4,22969949394569.8,27373038582479.3,28567593041349.3
Uruguay,URY,GDP (current US$),NY.GDP.MKTP.CD,22823270892.1094,20898761742.2386,13606515722.5864,12045638351.8507,13686329890.1191,17362857683.8545,19741420739.8901,23797773024.3992,57680327998.6689,57480788380.312,65006047680.3225,65344408987.1965,62222387928.9932,53668636567.8667,60760798595.5436,70164683290.3776
Uzbekistan,UZB,GDP (current US$),NY.GDP.MKTP.CD,13760513969.314,11401421329.1974,9687788512.80184,10134453435.4603,12030023547.8807,14307509838.8053,17330833852.919,22311393927.8817,86196264755.3105,86138288644.171,62081322740.0162,52870108214.6742,60283503705.3907,60224701296.7885,69600614987.3509,81140823252.4164
Vanuatu,VUT,GDP (current US$),NY.GDP.MKTP.CD,272014627.835262,257926881.72043,262596535.549028,314471413.001776,364996869.129618,394962433.029368,439358586.535588,516392922.513728,730870802.967051,780889605.899977,880061833.690341,914736985.430944,936526267.622513,909421043.508407,950394006.532514,1022219297.50335
"Venezuela, RB",VEN,GDP (current US$),NY.GDP.MKTP.CD,117146466002.661,122911036746.729,92893587733.6549,83620628582.1082,112451400424.964,145513489651.872,183477522123.894,230364012575.687,..,..,..,..,..,..,..,..
Viet Nam,VNM,GDP (current US$),NY.GDP.MKTP.CD,31172518403.3162,32685198808.5549,35064105500.8344,39552513231.9169,45427854693.2554,57633255738.1992,66371664817.0436,77414425532.2452,239258328381.741,257096001177.982,281353605986.903,310106478394.659,334365270496.667,346615738537.796,366474752771.009,410324028883.325
Virgin Islands (U.S.),VIR,GDP (current US$),NY.GDP.MKTP.CD,..,..,3262000000,3443000000,3797000000,4428000000,4484000000,4784000000,3663000000,3798000000,3794000000,3923000000,4121000000,4189000000,4444000000,..
West Bank and Gaza,PSE,GDP (current US$),NY.GDP.MKTP.CD,4313600000,4003700000,3555800000,3968000000,4603100000,5125700000,5348300000,5815700000,13972400000,15405400000,16128000000,16276600000,17133500000,15531700000,18109000000,19165500000
World,WLD,GDP (current US$),NY.GDP.MKTP.CD,33839387350047.3,33626960202657.6,34917697037982.8,39152139289705.4,44116244570755,47760320738747.8,51749808632586.7,58314867929879.6,75359657218242.5,76588030455295.5,81550955754739.3,86686870786621.5,87945574337517.8,85577718250195.5,97527032881901.1,101225059591363
"Yemen, Rep.",YEM,GDP (current US$),NY.GDP.MKTP.CD,9679316770.18633,9852990692.98714,10693430511.4664,11777532662.0499,13867634371.4773,16731566717.1888,19063143369.858,21650528674.0933,42444490073.8555,31317825274.1507,26842229044.5848,21606160663.0318,..,..,..,..
Zambia,ZMB,GDP (current US$),NY.GDP.MKTP.CD,3600632111.41414,4094441301.21423,4193850445.42632,4901869764.05957,6221110219.45542,8331870169.14977,12756858899.2812,14056957976.2648,21251216798.7762,20958412538.3093,25873601260.8353,26311507273.6735,23308667781.2258,18137764931.2808,22096416932.0089,29163782140.4858
Zimbabwe,ZWE,GDP (current US$),NY.GDP.MKTP.CD,6689957600,6777384700,6342116400,5727591800,5805598400,5755215200,5443896500,5291950100,19963120600,20548678100,17584890936.6523,34156069918.0609,21832234925.5021,21509698406.1116,28371238665.5116,27366627153.0954
,,,,,,,,,,,,,,,,,,,
,,,,,,,,,,,,,,,,,,,
,,,,,,,,,,,,,,,,,,,
Data from database: World Development Indicators,,,,,,,,,,,,,,,,,,,
Last Updated: 09/19/2024,,,,,,,,,,,,,,,,,,,
Code,License Type,Indicator Name,Long definition,Source,Topic,Periodicity,Aggregation method,Statistical concept and methodology,Limitations and exceptions,License URL
NY.GDP.MKTP.CD,CC BY-4.0,GDP (current US$),"GDP at purchaser's prices is the sum of gross value added by all resident producers in the economy plus any product taxes and minus any subsidies not included in the value of the products. It is calculated without making deductions for depreciation of fabricated assets or for depletion and degradation of natural resources. Data are in current U.S. dollars. Dollar figures for GDP are converted from domestic currencies using single year official exchange rates. For a few countries where the official exchange rate does not reflect the rate effectively applied to actual foreign exchange transactions, an alternative conversion factor is used.","World Bank national accounts data, and OECD National Accounts data files.",Economic Policy & Debt: National accounts: US$ at current prices: Aggregate indicators,Annual,Gap-filled total,"Gross domestic product (GDP) represents the sum of value added by all its producers. Value added is the value of the gross output of producers less the value of intermediate goods and services consumed in production, before accounting for consumption of fixed capital in production. The United Nations System of National Accounts calls for value added to be valued at either basic prices (excluding net taxes on products) or producer prices (including net taxes on products paid by producers but excluding sales or value added taxes). Both valuations exclude transport charges that are invoiced separately by producers. Total GDP is measured at purchaser prices. Value added by industry is normally measured at basic prices.","Gross domestic product (GDP), though widely tracked, may not always be the most relevant summary of aggregated economic performance for all economies, especially when production occurs at the expense of consuming capital stock.

While GDP estimates based on the production approach are generally more reliable than estimates compiled from the income or expenditure side, different countries use different definitions, methods, and reporting standards. World Bank staff review the quality of national accounts data and sometimes make adjustments to improve consistency with international guidelines. Nevertheless, significant discrepancies remain between international standards and actual practice. Many statistical offices, especially those in developing countries, face severe limitations in the resources, time, training, and budgets required to produce reliable and comprehensive series of national accounts statistics.

Among the difficulties faced by compilers of national accounts is the extent of unreported economic activity in the informal or secondary economy. In developing countries a large share of agricultural output is either not exchanged (because it is consumed within the household) or not exchanged for money.",https://datacatalog.worldbank.org/public-licenses#cc-by
